2025-07-07 18:15:11,935 - src.app_controller - INFO - Application controller initialized
2025-07-07 18:15:12,068 - src.ui.main_window - ERROR - Error setting up stored credentials: cannot use geometry manager grid inside .!frame which already has slaves managed by pack
2025-07-07 18:15:12,077 - src.ui.main_window - INFO - Login page created with simplified layout
2025-07-07 18:15:31,802 - src.ui.main_window - INFO - Login button clicked!
2025-07-07 18:15:31,803 - src.ui.main_window - INFO - Username: 'vikas', Password length: 11
2025-07-07 18:15:31,807 - src.ui.main_window - INFO - Starting login thread...
2025-07-07 18:15:31,808 - src.ui.main_window - INFO - Login thread started for user: vikas
2025-07-07 18:15:31,815 - urllib3.connectionpool - DEBUG - Starting new HTTP connection (1): localhost:8000
2025-07-07 18:15:31,819 - urllib3.connectionpool - DEBUG - http://localhost:8000 "GET /health HTTP/1.1" 200 20
2025-07-07 18:15:31,819 - src.app_controller - INFO - Authenticating user: vikas
2025-07-07 18:15:31,819 - src.api_client - INFO - Sending authentication request to: http://localhost:8000/api/v1/auth/login
2025-07-07 18:15:31,819 - src.api_client - INFO - Request data: {'username': 'vikas', 'password': '[REDACTED]'}
2025-07-07 18:15:31,820 - src.api_client - INFO - Password length: 11
2025-07-07 18:15:31,820 - src.api_client - DEBUG - Making POST request to: http://localhost:8000/api/v1/auth/login
2025-07-07 18:15:31,820 - src.api_client - DEBUG - Headers: {'Content-Type': 'application/json'}
2025-07-07 18:15:31,820 - src.api_client - DEBUG - JSON data: {'username': 'vikas', 'password': '[REDACTED]'}
2025-07-07 18:15:32,030 - urllib3.connectionpool - DEBUG - http://localhost:8000 "POST /api/v1/auth/login HTTP/1.1" 200 384
2025-07-07 18:15:32,030 - src.api_client - DEBUG - Response status: 200
2025-07-07 18:15:32,030 - src.api_client - DEBUG - Response headers: {'date': 'Mon, 07 Jul 2025 12:45:31 GMT', 'server': 'uvicorn', 'content-length': '384', 'content-type': 'application/json'}
2025-07-07 18:15:32,030 - src.api_client - INFO - Authentication successful - token received
2025-07-07 18:15:32,030 - src.app_controller - INFO - Authentication successful, getting employee data
2025-07-07 18:15:32,030 - src.api_client - DEBUG - Making GET request to: http://localhost:8000/api/v1/employees/0000656a-cf97-47a5-ad28-e2fa2ea2dead
2025-07-07 18:15:32,030 - src.api_client - DEBUG - Headers: {'Content-Type': 'application/json', 'Authorization': 'Bearer eyJhbGciOiJIUzI1NiIsInR5cCI6IkpXVCJ9.eyJzdWIiOiJ2aWthcyIsImVtcGxveWVlX2lkIjoiMDAwMDY1NmEtY2Y5Ny00N2E1LWFkMjgtZTJmYTJlYTJkZWFkIiwiZXhwIjoxNzUxODk0MTMyfQ.kePtA7wxDEcWHvMxODeV_xm-4j0YY-KCvGiIaq3O5Mo'}
2025-07-07 18:15:32,036 - urllib3.connectionpool - DEBUG - http://localhost:8000 "GET /api/v1/employees/0000656a-cf97-47a5-ad28-e2fa2ea2dead HTTP/1.1" 200 285
2025-07-07 18:15:32,036 - src.api_client - DEBUG - Response status: 200
2025-07-07 18:15:32,036 - src.api_client - DEBUG - Response headers: {'date': 'Mon, 07 Jul 2025 12:45:31 GMT', 'server': 'uvicorn', 'content-length': '285', 'content-type': 'application/json'}
2025-07-07 18:15:32,058 - src.auth - INFO - Credentials stored for user: vikas
2025-07-07 18:15:32,060 - src.auth - INFO - User logged in: vikas
2025-07-07 18:15:32,060 - src.app_controller - INFO - Background sync started
2025-07-07 18:15:32,060 - src.app_controller - INFO - User logged in successfully: vikas
2025-07-07 18:15:32,060 - src.ui.main_window - INFO - Login result: True
2025-07-07 18:15:32,060 - src.ui.main_window - INFO - Login result handler called: success=True, error=None
2025-07-07 18:15:32,060 - src.ui.main_window - INFO - Login successful, showing main page in 1 second
2025-07-07 18:15:33,064 - src.api_client - DEBUG - Making GET request to: http://localhost:8000/api/v1/projects/
2025-07-07 18:15:33,065 - src.api_client - DEBUG - Headers: {'Content-Type': 'application/json', 'Authorization': 'Bearer eyJhbGciOiJIUzI1NiIsInR5cCI6IkpXVCJ9.eyJzdWIiOiJ2aWthcyIsImVtcGxveWVlX2lkIjoiMDAwMDY1NmEtY2Y5Ny00N2E1LWFkMjgtZTJmYTJlYTJkZWFkIiwiZXhwIjoxNzUxODk0MTMyfQ.kePtA7wxDEcWHvMxODeV_xm-4j0YY-KCvGiIaq3O5Mo'}
2025-07-07 18:15:33,065 - src.api_client - DEBUG - Query params: {'page': 1, 'per_page': 50}
2025-07-07 18:15:33,072 - urllib3.connectionpool - DEBUG - http://localhost:8000 "GET /api/v1/projects/?page=1&per_page=50 HTTP/1.1" 200 2282
2025-07-07 18:15:33,073 - src.api_client - DEBUG - Response status: 200
2025-07-07 18:15:33,073 - src.api_client - DEBUG - Response headers: {'date': 'Mon, 07 Jul 2025 12:45:32 GMT', 'server': 'uvicorn', 'content-length': '2282', 'content-type': 'application/json'}
2025-07-07 18:15:35,849 - src.api_client - DEBUG - Making POST request to: http://localhost:8000/api/v1/time-tracking/start
2025-07-07 18:15:35,849 - src.api_client - DEBUG - Headers: {'Content-Type': 'application/json', 'Authorization': 'Bearer eyJhbGciOiJIUzI1NiIsInR5cCI6IkpXVCJ9.eyJzdWIiOiJ2aWthcyIsImVtcGxveWVlX2lkIjoiMDAwMDY1NmEtY2Y5Ny00N2E1LWFkMjgtZTJmYTJlYTJkZWFkIiwiZXhwIjoxNzUxODk0MTMyfQ.kePtA7wxDEcWHvMxODeV_xm-4j0YY-KCvGiIaq3O5Mo'}
2025-07-07 18:15:35,849 - src.api_client - DEBUG - JSON data: {'project_id': '9728cdbe-710b-4d18-a12f-ddbd18331f4d', 'description': None}
2025-07-07 18:15:35,850 - src.api_client - DEBUG - Query params: {'employee_id': '0000656a-cf97-47a5-ad28-e2fa2ea2dead'}
2025-07-07 18:15:35,863 - urllib3.connectionpool - DEBUG - http://localhost:8000 "POST /api/v1/time-tracking/start?employee_id=0000656a-cf97-47a5-ad28-e2fa2ea2dead HTTP/1.1" 201 389
2025-07-07 18:15:35,864 - src.api_client - DEBUG - Response status: 201
2025-07-07 18:15:35,864 - src.api_client - DEBUG - Response headers: {'date': 'Mon, 07 Jul 2025 12:45:35 GMT', 'server': 'uvicorn', 'content-length': '389', 'content-type': 'application/json'}
2025-07-07 18:15:35,864 - src.app_controller - INFO - Start tracking API response: {'employee_id': '0000656a-cf97-47a5-ad28-e2fa2ea2dead', 'project_id': '9728cdbe-710b-4d18-a12f-ddbd18331f4d', 'description': None, 'id': '441946fb-f8ed-429e-aaae-8ee7352edc19', 'start_time': '2025-07-07T12:45:35.857674', 'end_time': None, 'duration_seconds': None, 'duration_minutes': None, 'duration_hours': None, 'app_usage_data': None, 'is_active': True, 'created_at': '2025-07-07T12:45:35', 'updated_at': None}
2025-07-07 18:15:35,864 - src.system_monitor - INFO - Monitoring session reset
2025-07-07 18:15:35,865 - src.system_monitor - INFO - System monitoring started
2025-07-07 18:15:35,866 - src.screenshot_manager - INFO - Screenshot capture started for time entry 441946fb-f8ed-429e-aaae-8ee7352edc19
2025-07-07 18:15:35,866 - src.app_controller - INFO - Time tracking started for project 9728cdbe-710b-4d18-a12f-ddbd18331f4d
2025-07-07 18:15:35,868 - src.system_monitor - DEBUG - Checking browsers: ['Safari', 'Google Chrome', 'Firefox', 'Microsoft Edge']
2025-07-07 18:15:35,868 - src.system_monitor - DEBUG - Current active app: Python
2025-07-07 18:15:35,868 - src.system_monitor - DEBUG - No browser is currently active
2025-07-07 18:15:36,017 - PIL.PngImagePlugin - DEBUG - STREAM b'IHDR' 16 13
2025-07-07 18:15:36,017 - PIL.PngImagePlugin - DEBUG - STREAM b'iCCP' 41 3148
2025-07-07 18:15:36,017 - PIL.PngImagePlugin - DEBUG - iCCP profile name b'ICC Profile'
2025-07-07 18:15:36,017 - PIL.PngImagePlugin - DEBUG - Compression method 0
2025-07-07 18:15:36,018 - PIL.PngImagePlugin - DEBUG - STREAM b'eXIf' 3201 56
2025-07-07 18:15:36,018 - PIL.PngImagePlugin - DEBUG - STREAM b'IDAT' 3269 16384
2025-07-07 18:15:36,150 - src.screenshot_manager - ERROR - Failed to capture screenshot: cannot write mode RGBA as JPEG
2025-07-07 18:15:45,874 - src.system_monitor - DEBUG - Activity logged: {'timestamp': '2025-07-07T18:15:45.874811', 'type': 'app_switch', 'description': 'From Python to Google Chrome', 'duration': 10.006765}
2025-07-07 18:15:45,876 - src.system_monitor - DEBUG - Checking browsers: ['Safari', 'Google Chrome', 'Firefox', 'Microsoft Edge']
2025-07-07 18:15:45,876 - src.system_monitor - DEBUG - Current active app: Google Chrome
2025-07-07 18:15:45,876 - src.system_monitor - DEBUG - Browser Google Chrome is active (app: Google Chrome)
2025-07-07 18:15:45,876 - src.system_monitor - DEBUG - Checking browser: Safari
2025-07-07 18:15:46,021 - src.system_monitor - DEBUG - No website found for browser: Safari
2025-07-07 18:15:46,021 - src.system_monitor - DEBUG - Checking browser: Google Chrome
2025-07-07 18:15:46,139 - src.system_monitor - DEBUG - Found website: https://www.hotstar.com/in/movies/the-ring/1971001499/watch?search_query=nun
2025-07-07 18:15:46,139 - src.system_monitor - DEBUG - Extracted domain: hotstar.com
2025-07-07 18:15:46,139 - src.system_monitor - DEBUG - Activity logged: {'timestamp': '2025-07-07T18:15:46.139945', 'type': 'website_visit', 'description': 'Visiting hotstar.com', 'duration': 0}
2025-07-07 18:15:46,139 - src.system_monitor - INFO - Now visiting: hotstar.com
2025-07-07 18:15:56,146 - src.system_monitor - DEBUG - Checking browsers: ['Safari', 'Google Chrome', 'Firefox', 'Microsoft Edge']
2025-07-07 18:15:56,146 - src.system_monitor - DEBUG - Current active app: Google Chrome
2025-07-07 18:15:56,147 - src.system_monitor - DEBUG - Browser Google Chrome is active (app: Google Chrome)
2025-07-07 18:15:56,147 - src.system_monitor - DEBUG - Checking browser: Safari
2025-07-07 18:15:56,267 - src.system_monitor - DEBUG - No website found for browser: Safari
2025-07-07 18:15:56,267 - src.system_monitor - DEBUG - Checking browser: Google Chrome
2025-07-07 18:15:56,404 - src.system_monitor - DEBUG - Found website: https://www.hotstar.com/in/movies/the-ring/1971001499/watch
2025-07-07 18:15:56,405 - src.system_monitor - DEBUG - Extracted domain: hotstar.com
2025-07-07 18:16:06,409 - src.system_monitor - DEBUG - Checking browsers: ['Safari', 'Google Chrome', 'Firefox', 'Microsoft Edge']
2025-07-07 18:16:06,409 - src.system_monitor - DEBUG - Current active app: Google Chrome
2025-07-07 18:16:06,409 - src.system_monitor - DEBUG - Browser Google Chrome is active (app: Google Chrome)
2025-07-07 18:16:06,409 - src.system_monitor - DEBUG - Checking browser: Safari
2025-07-07 18:16:06,539 - src.system_monitor - DEBUG - No website found for browser: Safari
2025-07-07 18:16:06,539 - src.system_monitor - DEBUG - Checking browser: Google Chrome
2025-07-07 18:16:06,644 - src.system_monitor - DEBUG - Found website: https://www.hotstar.com/in/movies/the-ring/1971001499/watch
2025-07-07 18:16:06,644 - src.system_monitor - DEBUG - Extracted domain: hotstar.com
2025-07-07 18:16:16,650 - src.system_monitor - DEBUG - Checking browsers: ['Safari', 'Google Chrome', 'Firefox', 'Microsoft Edge']
2025-07-07 18:16:16,651 - src.system_monitor - DEBUG - Current active app: Google Chrome
2025-07-07 18:16:16,651 - src.system_monitor - DEBUG - Browser Google Chrome is active (app: Google Chrome)
2025-07-07 18:16:16,652 - src.system_monitor - DEBUG - Checking browser: Safari
2025-07-07 18:16:16,803 - src.system_monitor - DEBUG - No website found for browser: Safari
2025-07-07 18:16:16,803 - src.system_monitor - DEBUG - Checking browser: Google Chrome
2025-07-07 18:16:16,916 - src.system_monitor - DEBUG - Found website: https://docs.github.com/en
2025-07-07 18:16:16,917 - src.system_monitor - DEBUG - Extracted domain: docs.github.com
2025-07-07 18:16:16,917 - src.system_monitor - DEBUG - Activity logged: {'timestamp': '2025-07-07T18:16:16.917093', 'type': 'website_switch', 'description': 'From hotstar.com to docs.github.com', 'duration': 30.777141}
2025-07-07 18:16:16,917 - src.system_monitor - INFO - Website switch: hotstar.com -> docs.github.com (30.8s)
2025-07-07 18:16:16,917 - src.system_monitor - DEBUG - Activity logged: {'timestamp': '2025-07-07T18:16:16.917176', 'type': 'website_visit', 'description': 'Visiting docs.github.com', 'duration': 0}
2025-07-07 18:16:16,917 - src.system_monitor - INFO - Now visiting: docs.github.com
2025-07-07 18:16:26,923 - src.system_monitor - DEBUG - Checking browsers: ['Safari', 'Google Chrome', 'Firefox', 'Microsoft Edge']
2025-07-07 18:16:26,923 - src.system_monitor - DEBUG - Current active app: Google Chrome
2025-07-07 18:16:26,923 - src.system_monitor - DEBUG - Browser Google Chrome is active (app: Google Chrome)
2025-07-07 18:16:26,924 - src.system_monitor - DEBUG - Checking browser: Safari
2025-07-07 18:16:27,065 - src.system_monitor - DEBUG - No website found for browser: Safari
2025-07-07 18:16:27,065 - src.system_monitor - DEBUG - Checking browser: Google Chrome
2025-07-07 18:16:27,179 - src.system_monitor - DEBUG - Found website: https://docs.github.com/en/get-started/git-basics/setting-your-username-in-git
2025-07-07 18:16:27,179 - src.system_monitor - DEBUG - Extracted domain: docs.github.com
2025-07-07 18:16:36,328 - PIL.PngImagePlugin - DEBUG - STREAM b'IHDR' 16 13
2025-07-07 18:16:36,328 - PIL.PngImagePlugin - DEBUG - STREAM b'iCCP' 41 3148
2025-07-07 18:16:36,328 - PIL.PngImagePlugin - DEBUG - iCCP profile name b'ICC Profile'
2025-07-07 18:16:36,328 - PIL.PngImagePlugin - DEBUG - Compression method 0
2025-07-07 18:16:36,328 - PIL.PngImagePlugin - DEBUG - STREAM b'eXIf' 3201 56
2025-07-07 18:16:36,329 - PIL.PngImagePlugin - DEBUG - STREAM b'IDAT' 3269 16384
2025-07-07 18:16:36,466 - src.screenshot_manager - ERROR - Failed to capture screenshot: cannot write mode RGBA as JPEG
2025-07-07 18:16:37,185 - src.system_monitor - DEBUG - Checking browsers: ['Safari', 'Google Chrome', 'Firefox', 'Microsoft Edge']
2025-07-07 18:16:37,186 - src.system_monitor - DEBUG - Current active app: Google Chrome
2025-07-07 18:16:37,186 - src.system_monitor - DEBUG - Browser Google Chrome is active (app: Google Chrome)
2025-07-07 18:16:37,186 - src.system_monitor - DEBUG - Checking browser: Safari
2025-07-07 18:16:37,316 - src.system_monitor - DEBUG - No website found for browser: Safari
2025-07-07 18:16:37,316 - src.system_monitor - DEBUG - Checking browser: Google Chrome
2025-07-07 18:16:37,420 - src.system_monitor - DEBUG - Found website: https://www.google.com/search?q=abc+config&oq=abc+config&gs_lcrp=EgZjaHJvbWUyBggAEEUYOTIHCAEQABiABDIICAIQABgWGB4yCAgDEAAYFhgeMggIBBAAGBYYHjIICAUQABgWGB4yCAgGEAAYFhgeMggIBxAAGBYYHjIICAgQABgWGB4yDQgJEAAYhgMYgAQYigXSAQgyOTAxajBqN6gCALACAA&sourceid=chrome&ie=UTF-8
2025-07-07 18:16:37,425 - src.system_monitor - DEBUG - Extracted domain: google.com
2025-07-07 18:16:37,425 - src.system_monitor - DEBUG - Activity logged: {'timestamp': '2025-07-07T18:16:37.425643', 'type': 'website_switch', 'description': 'From docs.github.com to google.com', 'duration': 20.508456}
2025-07-07 18:16:37,425 - src.system_monitor - INFO - Website switch: docs.github.com -> google.com (20.5s)
2025-07-07 18:16:37,425 - src.system_monitor - DEBUG - Activity logged: {'timestamp': '2025-07-07T18:16:37.425736', 'type': 'website_visit', 'description': 'Visiting google.com', 'duration': 0}
2025-07-07 18:16:37,425 - src.system_monitor - INFO - Now visiting: google.com
2025-07-07 18:16:47,431 - src.system_monitor - DEBUG - Checking browsers: ['Safari', 'Google Chrome', 'Firefox', 'Microsoft Edge']
2025-07-07 18:16:47,432 - src.system_monitor - DEBUG - Current active app: Google Chrome
2025-07-07 18:16:47,432 - src.system_monitor - DEBUG - Browser Google Chrome is active (app: Google Chrome)
2025-07-07 18:16:47,432 - src.system_monitor - DEBUG - Checking browser: Safari
2025-07-07 18:16:47,581 - src.system_monitor - DEBUG - No website found for browser: Safari
2025-07-07 18:16:47,581 - src.system_monitor - DEBUG - Checking browser: Google Chrome
2025-07-07 18:16:47,682 - src.system_monitor - DEBUG - Found website: https://people.eecs.berkeley.edu/~alanmi/abc/
2025-07-07 18:16:47,682 - src.system_monitor - DEBUG - Extracted domain: people.eecs.berkeley.edu
2025-07-07 18:16:47,682 - src.system_monitor - DEBUG - Activity logged: {'timestamp': '2025-07-07T18:16:47.682640', 'type': 'website_switch', 'description': 'From google.com to people.eecs.berkeley.edu', 'duration': 10.256895}
2025-07-07 18:16:47,682 - src.system_monitor - INFO - Website switch: google.com -> people.eecs.berkeley.edu (10.3s)
2025-07-07 18:16:47,682 - src.system_monitor - DEBUG - Activity logged: {'timestamp': '2025-07-07T18:16:47.682728', 'type': 'website_visit', 'description': 'Visiting people.eecs.berkeley.edu', 'duration': 0}
2025-07-07 18:16:47,682 - src.system_monitor - INFO - Now visiting: people.eecs.berkeley.edu
2025-07-07 18:16:57,688 - src.system_monitor - DEBUG - Checking browsers: ['Safari', 'Google Chrome', 'Firefox', 'Microsoft Edge']
2025-07-07 18:16:57,689 - src.system_monitor - DEBUG - Current active app: Google Chrome
2025-07-07 18:16:57,689 - src.system_monitor - DEBUG - Browser Google Chrome is active (app: Google Chrome)
2025-07-07 18:16:57,689 - src.system_monitor - DEBUG - Checking browser: Safari
2025-07-07 18:16:57,823 - src.system_monitor - DEBUG - No website found for browser: Safari
2025-07-07 18:16:57,823 - src.system_monitor - DEBUG - Checking browser: Google Chrome
2025-07-07 18:16:57,936 - src.system_monitor - DEBUG - Found website: https://www.hotstar.com/in/movies/the-ring/1971001499/watch
2025-07-07 18:16:57,936 - src.system_monitor - DEBUG - Extracted domain: hotstar.com
2025-07-07 18:16:57,936 - src.system_monitor - DEBUG - Activity logged: {'timestamp': '2025-07-07T18:16:57.936458', 'type': 'website_switch', 'description': 'From people.eecs.berkeley.edu to hotstar.com', 'duration': 10.253722}
2025-07-07 18:16:57,936 - src.system_monitor - INFO - Website switch: people.eecs.berkeley.edu -> hotstar.com (10.3s)
2025-07-07 18:16:57,936 - src.system_monitor - DEBUG - Activity logged: {'timestamp': '2025-07-07T18:16:57.936545', 'type': 'website_visit', 'description': 'Visiting hotstar.com', 'duration': 0}
2025-07-07 18:16:57,936 - src.system_monitor - INFO - Now visiting: hotstar.com
2025-07-07 18:17:07,943 - src.system_monitor - DEBUG - Activity logged: {'timestamp': '2025-07-07T18:17:07.942871', 'type': 'app_switch', 'description': 'From Google Chrome to Python', 'duration': 10.006275}
2025-07-07 18:17:07,943 - src.system_monitor - DEBUG - Checking browsers: ['Safari', 'Google Chrome', 'Firefox', 'Microsoft Edge']
2025-07-07 18:17:07,943 - src.system_monitor - DEBUG - Current active app: Python
2025-07-07 18:17:07,943 - src.system_monitor - DEBUG - No browser is currently active
2025-07-07 18:17:17,267 - src.system_monitor - INFO - Formatted 1 usage entries from 2 apps + 4 websites
2025-07-07 18:17:17,267 - src.system_monitor - INFO - App usage data: {'Python': 19.330453, 'Google Chrome': 10.006275}
2025-07-07 18:17:17,267 - src.system_monitor - INFO - Website usage data: {'hotstar.com': 40.100873, 'docs.github.com': 20.508456, 'google.com': 10.256895, 'people.eecs.berkeley.edu': 10.253722}
2025-07-07 18:17:17,267 - src.app_controller - INFO - Usage data to send (apps + websites): ['hotstar.com: 0.7m']
2025-07-07 18:17:17,949 - src.system_monitor - INFO - System monitoring stopped
2025-07-07 18:17:22,950 - src.screenshot_manager - INFO - Screenshot capture stopped
2025-07-07 18:17:22,951 - src.api_client - DEBUG - Making POST request to: http://localhost:8000/api/v1/time-tracking/stop
2025-07-07 18:17:22,951 - src.api_client - DEBUG - Headers: {'Content-Type': 'application/json', 'Authorization': 'Bearer eyJhbGciOiJIUzI1NiIsInR5cCI6IkpXVCJ9.eyJzdWIiOiJ2aWthcyIsImVtcGxveWVlX2lkIjoiMDAwMDY1NmEtY2Y5Ny00N2E1LWFkMjgtZTJmYTJlYTJkZWFkIiwiZXhwIjoxNzUxODk0MTMyfQ.kePtA7wxDEcWHvMxODeV_xm-4j0YY-KCvGiIaq3O5Mo'}
2025-07-07 18:17:22,951 - src.api_client - DEBUG - JSON data: {'app_usage_data': ['hotstar.com: 0.7m']}
2025-07-07 18:17:22,951 - src.api_client - DEBUG - Query params: {'employee_id': '0000656a-cf97-47a5-ad28-e2fa2ea2dead'}
2025-07-07 18:17:22,954 - urllib3.connectionpool - DEBUG - Resetting dropped connection: localhost
2025-07-07 18:17:22,965 - urllib3.connectionpool - DEBUG - http://localhost:8000 "POST /api/v1/time-tracking/stop?employee_id=0000656a-cf97-47a5-ad28-e2fa2ea2dead HTTP/1.1" 200 477
2025-07-07 18:17:22,965 - src.api_client - DEBUG - Response status: 200
2025-07-07 18:17:22,966 - src.api_client - DEBUG - Response headers: {'date': 'Mon, 07 Jul 2025 12:47:22 GMT', 'server': 'uvicorn', 'content-length': '477', 'content-type': 'application/json'}
2025-07-07 18:17:22,966 - src.app_controller - INFO - Stop tracking API response: {'employee_id': '0000656a-cf97-47a5-ad28-e2fa2ea2dead', 'project_id': '9728cdbe-710b-4d18-a12f-ddbd18331f4d', 'description': None, 'id': '441946fb-f8ed-429e-aaae-8ee7352edc19', 'start_time': '2025-07-07T12:45:35.857674', 'end_time': '2025-07-07T12:47:22.959598', 'duration_seconds': 107, 'duration_minutes': 1.7833333333333334, 'duration_hours': 0.029722222222222223, 'app_usage_data': ['hotstar.com: 0.7m'], 'is_active': False, 'created_at': '2025-07-07T12:45:35', 'updated_at': '2025-07-07T12:47:22'}
2025-07-07 18:17:23,968 - src.app_controller - INFO - Time tracking stopped successfully
2025-07-07 18:21:41,100 - src.api_client - DEBUG - Making GET request to: http://localhost:8000/api/v1/projects/
2025-07-07 18:21:41,101 - src.api_client - DEBUG - Headers: {'Content-Type': 'application/json', 'Authorization': 'Bearer eyJhbGciOiJIUzI1NiIsInR5cCI6IkpXVCJ9.eyJzdWIiOiJ2aWthcyIsImVtcGxveWVlX2lkIjoiMDAwMDY1NmEtY2Y5Ny00N2E1LWFkMjgtZTJmYTJlYTJkZWFkIiwiZXhwIjoxNzUxODk0MTMyfQ.kePtA7wxDEcWHvMxODeV_xm-4j0YY-KCvGiIaq3O5Mo'}
2025-07-07 18:21:41,101 - src.api_client - DEBUG - Query params: {'page': 1, 'per_page': 50}
2025-07-07 18:21:41,101 - urllib3.connectionpool - DEBUG - Resetting dropped connection: localhost
2025-07-07 18:21:41,108 - urllib3.connectionpool - DEBUG - http://localhost:8000 "GET /api/v1/projects/?page=1&per_page=50 HTTP/1.1" 200 2282
2025-07-07 18:21:41,108 - src.api_client - DEBUG - Response status: 200
2025-07-07 18:21:41,108 - src.api_client - DEBUG - Response headers: {'date': 'Mon, 07 Jul 2025 12:51:40 GMT', 'server': 'uvicorn', 'content-length': '2282', 'content-type': 'application/json'}
2025-07-07 18:21:47,595 - src.api_client - DEBUG - Making POST request to: http://localhost:8000/api/v1/time-tracking/start
2025-07-07 18:21:47,595 - src.api_client - DEBUG - Headers: {'Content-Type': 'application/json', 'Authorization': 'Bearer eyJhbGciOiJIUzI1NiIsInR5cCI6IkpXVCJ9.eyJzdWIiOiJ2aWthcyIsImVtcGxveWVlX2lkIjoiMDAwMDY1NmEtY2Y5Ny00N2E1LWFkMjgtZTJmYTJlYTJkZWFkIiwiZXhwIjoxNzUxODk0MTMyfQ.kePtA7wxDEcWHvMxODeV_xm-4j0YY-KCvGiIaq3O5Mo'}
2025-07-07 18:21:47,595 - src.api_client - DEBUG - JSON data: {'project_id': '9728cdbe-710b-4d18-a12f-ddbd18331f4d', 'description': None}
2025-07-07 18:21:47,595 - src.api_client - DEBUG - Query params: {'employee_id': '0000656a-cf97-47a5-ad28-e2fa2ea2dead'}
2025-07-07 18:21:47,596 - urllib3.connectionpool - DEBUG - Resetting dropped connection: localhost
2025-07-07 18:21:47,601 - urllib3.connectionpool - DEBUG - http://localhost:8000 "POST /api/v1/time-tracking/start?employee_id=0000656a-cf97-47a5-ad28-e2fa2ea2dead HTTP/1.1" 201 389
2025-07-07 18:21:47,602 - src.api_client - DEBUG - Response status: 201
2025-07-07 18:21:47,602 - src.api_client - DEBUG - Response headers: {'date': 'Mon, 07 Jul 2025 12:51:46 GMT', 'server': 'uvicorn', 'content-length': '389', 'content-type': 'application/json'}
2025-07-07 18:21:47,602 - src.app_controller - INFO - Start tracking API response: {'employee_id': '0000656a-cf97-47a5-ad28-e2fa2ea2dead', 'project_id': '9728cdbe-710b-4d18-a12f-ddbd18331f4d', 'description': None, 'id': 'ecacf90f-a766-4a44-a7ee-aecb251300ce', 'start_time': '2025-07-07T12:51:47.598750', 'end_time': None, 'duration_seconds': None, 'duration_minutes': None, 'duration_hours': None, 'app_usage_data': None, 'is_active': True, 'created_at': '2025-07-07T12:51:47', 'updated_at': None}
2025-07-07 18:21:47,602 - src.system_monitor - INFO - Monitoring session reset
2025-07-07 18:21:47,602 - src.system_monitor - INFO - System monitoring started
2025-07-07 18:21:47,602 - src.screenshot_manager - INFO - Screenshot capture started for time entry ecacf90f-a766-4a44-a7ee-aecb251300ce
2025-07-07 18:21:47,602 - src.app_controller - INFO - Time tracking started for project 9728cdbe-710b-4d18-a12f-ddbd18331f4d
2025-07-07 18:21:47,602 - src.system_monitor - DEBUG - Checking browsers: ['Safari', 'Google Chrome', 'Firefox', 'Microsoft Edge']
2025-07-07 18:21:47,602 - src.system_monitor - DEBUG - Current active app: Python
2025-07-07 18:21:47,602 - src.system_monitor - DEBUG - No browser is currently active
2025-07-07 18:21:47,719 - PIL.PngImagePlugin - DEBUG - STREAM b'IHDR' 16 13
2025-07-07 18:21:47,719 - PIL.PngImagePlugin - DEBUG - STREAM b'iCCP' 41 3148
2025-07-07 18:21:47,719 - PIL.PngImagePlugin - DEBUG - iCCP profile name b'ICC Profile'
2025-07-07 18:21:47,719 - PIL.PngImagePlugin - DEBUG - Compression method 0
2025-07-07 18:21:47,719 - PIL.PngImagePlugin - DEBUG - STREAM b'eXIf' 3201 56
2025-07-07 18:21:47,719 - PIL.PngImagePlugin - DEBUG - STREAM b'IDAT' 3269 16384
2025-07-07 18:21:47,851 - src.screenshot_manager - ERROR - Failed to capture screenshot: cannot write mode RGBA as JPEG
2025-07-07 18:21:57,612 - src.system_monitor - DEBUG - Activity logged: {'timestamp': '2025-07-07T18:21:57.612765', 'type': 'app_switch', 'description': 'From Python to Cursor', 'duration': 10.010124}
2025-07-07 18:21:57,613 - src.system_monitor - DEBUG - Checking browsers: ['Safari', 'Google Chrome', 'Firefox', 'Microsoft Edge']
2025-07-07 18:21:57,613 - src.system_monitor - DEBUG - Current active app: Cursor
2025-07-07 18:21:57,613 - src.system_monitor - DEBUG - No browser is currently active
2025-07-07 18:22:07,621 - src.system_monitor - DEBUG - Checking browsers: ['Safari', 'Google Chrome', 'Firefox', 'Microsoft Edge']
2025-07-07 18:22:07,621 - src.system_monitor - DEBUG - Current active app: Cursor
2025-07-07 18:22:07,621 - src.system_monitor - DEBUG - No browser is currently active
2025-07-07 18:22:17,628 - src.system_monitor - DEBUG - Checking browsers: ['Safari', 'Google Chrome', 'Firefox', 'Microsoft Edge']
2025-07-07 18:22:17,628 - src.system_monitor - DEBUG - Current active app: Cursor
2025-07-07 18:22:17,628 - src.system_monitor - DEBUG - No browser is currently active
2025-07-07 18:22:27,634 - src.system_monitor - DEBUG - Activity logged: {'timestamp': '2025-07-07T18:22:27.634650', 'type': 'app_switch', 'description': 'From Cursor to Google Chrome', 'duration': 30.021436}
2025-07-07 18:22:27,635 - src.system_monitor - DEBUG - Checking browsers: ['Safari', 'Google Chrome', 'Firefox', 'Microsoft Edge']
2025-07-07 18:22:27,635 - src.system_monitor - DEBUG - Current active app: Google Chrome
2025-07-07 18:22:27,635 - src.system_monitor - DEBUG - Browser Google Chrome is active (app: Google Chrome)
2025-07-07 18:22:27,635 - src.system_monitor - DEBUG - Checking browser: Safari
2025-07-07 18:22:27,781 - src.system_monitor - DEBUG - No website found for browser: Safari
2025-07-07 18:22:27,781 - src.system_monitor - DEBUG - Checking browser: Google Chrome
2025-07-07 18:22:27,887 - src.system_monitor - DEBUG - Found website: https://www.hotstar.com/in/movies/the-ring/1971001499/watch
2025-07-07 18:22:27,888 - src.system_monitor - DEBUG - Extracted domain: hotstar.com
2025-07-07 18:22:27,888 - src.system_monitor - DEBUG - Activity logged: {'timestamp': '2025-07-07T18:22:27.888048', 'type': 'website_visit', 'description': 'Visiting hotstar.com', 'duration': 0}
2025-07-07 18:22:27,888 - src.system_monitor - INFO - Now visiting: hotstar.com
2025-07-07 18:22:37,890 - src.system_monitor - DEBUG - Checking browsers: ['Safari', 'Google Chrome', 'Firefox', 'Microsoft Edge']
2025-07-07 18:22:37,892 - src.system_monitor - DEBUG - Current active app: Google Chrome
2025-07-07 18:22:37,892 - src.system_monitor - DEBUG - Browser Google Chrome is active (app: Google Chrome)
2025-07-07 18:22:37,892 - src.system_monitor - DEBUG - Checking browser: Safari
2025-07-07 18:22:38,023 - src.system_monitor - DEBUG - No website found for browser: Safari
2025-07-07 18:22:38,024 - src.system_monitor - DEBUG - Checking browser: Google Chrome
2025-07-07 18:22:38,124 - src.system_monitor - DEBUG - Found website: https://www.hotstar.com/in/movies/the-ring/1971001499/watch
2025-07-07 18:22:38,125 - src.system_monitor - DEBUG - Extracted domain: hotstar.com
2025-07-07 18:22:48,010 - PIL.PngImagePlugin - DEBUG - STREAM b'IHDR' 16 13
2025-07-07 18:22:48,010 - PIL.PngImagePlugin - DEBUG - STREAM b'iCCP' 41 3148
2025-07-07 18:22:48,010 - PIL.PngImagePlugin - DEBUG - iCCP profile name b'ICC Profile'
2025-07-07 18:22:48,010 - PIL.PngImagePlugin - DEBUG - Compression method 0
2025-07-07 18:22:48,010 - PIL.PngImagePlugin - DEBUG - STREAM b'eXIf' 3201 56
2025-07-07 18:22:48,010 - PIL.PngImagePlugin - DEBUG - STREAM b'IDAT' 3269 16384
2025-07-07 18:22:48,121 - src.screenshot_manager - ERROR - Failed to capture screenshot: cannot write mode RGBA as JPEG
2025-07-07 18:22:48,128 - src.system_monitor - DEBUG - Checking browsers: ['Safari', 'Google Chrome', 'Firefox', 'Microsoft Edge']
2025-07-07 18:22:48,128 - src.system_monitor - DEBUG - Current active app: Google Chrome
2025-07-07 18:22:48,128 - src.system_monitor - DEBUG - Browser Google Chrome is active (app: Google Chrome)
2025-07-07 18:22:48,128 - src.system_monitor - DEBUG - Checking browser: Safari
2025-07-07 18:22:48,251 - src.system_monitor - DEBUG - No website found for browser: Safari
2025-07-07 18:22:48,251 - src.system_monitor - DEBUG - Checking browser: Google Chrome
2025-07-07 18:22:48,353 - src.system_monitor - DEBUG - Found website: https://www.hotstar.com/in/movies/the-ring/1971001499/watch
2025-07-07 18:22:48,353 - src.system_monitor - DEBUG - Extracted domain: hotstar.com
2025-07-07 18:22:58,360 - src.system_monitor - DEBUG - Activity logged: {'timestamp': '2025-07-07T18:22:58.360655', 'type': 'app_switch', 'description': 'From Google Chrome to Cursor', 'duration': 30.472579}
2025-07-07 18:22:58,362 - src.system_monitor - DEBUG - Checking browsers: ['Safari', 'Google Chrome', 'Firefox', 'Microsoft Edge']
2025-07-07 18:22:58,362 - src.system_monitor - DEBUG - Current active app: Cursor
2025-07-07 18:22:58,362 - src.system_monitor - DEBUG - No browser is currently active
2025-07-07 18:23:08,370 - src.system_monitor - DEBUG - Checking browsers: ['Safari', 'Google Chrome', 'Firefox', 'Microsoft Edge']
2025-07-07 18:23:08,371 - src.system_monitor - DEBUG - Current active app: Cursor
2025-07-07 18:23:08,371 - src.system_monitor - DEBUG - No browser is currently active
2025-07-07 18:23:18,373 - src.system_monitor - DEBUG - Checking browsers: ['Safari', 'Google Chrome', 'Firefox', 'Microsoft Edge']
2025-07-07 18:23:18,374 - src.system_monitor - DEBUG - Current active app: Cursor
2025-07-07 18:23:18,374 - src.system_monitor - DEBUG - No browser is currently active
2025-07-07 18:23:29,425 - src.app_controller - INFO - Application controller initialized
2025-07-07 18:23:29,569 - src.ui.main_window - ERROR - Error setting up stored credentials: cannot use geometry manager grid inside .!frame which already has slaves managed by pack
2025-07-07 18:23:29,571 - src.ui.main_window - INFO - Login page created with simplified layout
2025-07-07 18:24:02,227 - src.ui.main_window - INFO - Login button clicked!
2025-07-07 18:24:02,227 - src.ui.main_window - INFO - Username: 'vikas', Password length: 11
2025-07-07 18:24:02,232 - src.ui.main_window - INFO - Starting login thread...
2025-07-07 18:24:02,232 - src.ui.main_window - INFO - Login thread started for user: vikas
2025-07-07 18:24:02,240 - urllib3.connectionpool - DEBUG - Starting new HTTP connection (1): localhost:8000
2025-07-07 18:24:02,243 - urllib3.connectionpool - DEBUG - http://localhost:8000 "GET /health HTTP/1.1" 200 20
2025-07-07 18:24:02,244 - src.app_controller - INFO - Authenticating user: vikas
2025-07-07 18:24:02,244 - src.api_client - INFO - Sending authentication request to: http://localhost:8000/api/v1/auth/login
2025-07-07 18:24:02,244 - src.api_client - INFO - Request data: {'username': 'vikas', 'password': '[REDACTED]'}
2025-07-07 18:24:02,244 - src.api_client - INFO - Password length: 11
2025-07-07 18:24:02,244 - src.api_client - DEBUG - Making POST request to: http://localhost:8000/api/v1/auth/login
2025-07-07 18:24:02,244 - src.api_client - DEBUG - Headers: {'Content-Type': 'application/json'}
2025-07-07 18:24:02,244 - src.api_client - DEBUG - JSON data: {'username': 'vikas', 'password': '[REDACTED]'}
2025-07-07 18:24:02,436 - urllib3.connectionpool - DEBUG - http://localhost:8000 "POST /api/v1/auth/login HTTP/1.1" 200 384
2025-07-07 18:24:02,436 - src.api_client - DEBUG - Response status: 200
2025-07-07 18:24:02,436 - src.api_client - DEBUG - Response headers: {'date': 'Mon, 07 Jul 2025 12:54:02 GMT', 'server': 'uvicorn', 'content-length': '384', 'content-type': 'application/json'}
2025-07-07 18:24:02,436 - src.api_client - INFO - Authentication successful - token received
2025-07-07 18:24:02,436 - src.app_controller - INFO - Authentication successful, getting employee data
2025-07-07 18:24:02,436 - src.api_client - DEBUG - Making GET request to: http://localhost:8000/api/v1/employees/0000656a-cf97-47a5-ad28-e2fa2ea2dead
2025-07-07 18:24:02,436 - src.api_client - DEBUG - Headers: {'Content-Type': 'application/json', 'Authorization': 'Bearer eyJhbGciOiJIUzI1NiIsInR5cCI6IkpXVCJ9.eyJzdWIiOiJ2aWthcyIsImVtcGxveWVlX2lkIjoiMDAwMDY1NmEtY2Y5Ny00N2E1LWFkMjgtZTJmYTJlYTJkZWFkIiwiZXhwIjoxNzUxODk0NjQyfQ.cxaSTWPcLG8BgDGe7iHu4V5gIcqTJD804ewb4i_nOsQ'}
2025-07-07 18:24:02,438 - urllib3.connectionpool - DEBUG - http://localhost:8000 "GET /api/v1/employees/0000656a-cf97-47a5-ad28-e2fa2ea2dead HTTP/1.1" 200 285
2025-07-07 18:24:02,438 - src.api_client - DEBUG - Response status: 200
2025-07-07 18:24:02,438 - src.api_client - DEBUG - Response headers: {'date': 'Mon, 07 Jul 2025 12:54:02 GMT', 'server': 'uvicorn', 'content-length': '285', 'content-type': 'application/json'}
2025-07-07 18:24:02,458 - src.auth - INFO - Credentials stored for user: vikas
2025-07-07 18:24:02,459 - src.auth - INFO - User logged in: vikas
2025-07-07 18:24:02,460 - src.app_controller - INFO - Background sync started
2025-07-07 18:24:02,460 - src.app_controller - INFO - User logged in successfully: vikas
2025-07-07 18:24:02,460 - src.ui.main_window - INFO - Login result: True
2025-07-07 18:24:02,532 - src.ui.main_window - INFO - Login result handler called: success=True, error=None
2025-07-07 18:24:02,533 - src.ui.main_window - INFO - Login successful, showing main page in 1 second
2025-07-07 18:24:03,538 - src.api_client - DEBUG - Making GET request to: http://localhost:8000/api/v1/projects/
2025-07-07 18:24:03,539 - src.api_client - DEBUG - Headers: {'Content-Type': 'application/json', 'Authorization': 'Bearer eyJhbGciOiJIUzI1NiIsInR5cCI6IkpXVCJ9.eyJzdWIiOiJ2aWthcyIsImVtcGxveWVlX2lkIjoiMDAwMDY1NmEtY2Y5Ny00N2E1LWFkMjgtZTJmYTJlYTJkZWFkIiwiZXhwIjoxNzUxODk0NjQyfQ.cxaSTWPcLG8BgDGe7iHu4V5gIcqTJD804ewb4i_nOsQ'}
2025-07-07 18:24:03,539 - src.api_client - DEBUG - Query params: {'page': 1, 'per_page': 50}
2025-07-07 18:24:03,545 - urllib3.connectionpool - DEBUG - http://localhost:8000 "GET /api/v1/projects/?page=1&per_page=50 HTTP/1.1" 200 2282
2025-07-07 18:24:03,545 - src.api_client - DEBUG - Response status: 200
2025-07-07 18:24:03,546 - src.api_client - DEBUG - Response headers: {'date': 'Mon, 07 Jul 2025 12:54:03 GMT', 'server': 'uvicorn', 'content-length': '2282', 'content-type': 'application/json'}
2025-07-07 18:24:06,917 - src.api_client - DEBUG - Making POST request to: http://localhost:8000/api/v1/time-tracking/start
2025-07-07 18:24:06,917 - src.api_client - DEBUG - Headers: {'Content-Type': 'application/json', 'Authorization': 'Bearer eyJhbGciOiJIUzI1NiIsInR5cCI6IkpXVCJ9.eyJzdWIiOiJ2aWthcyIsImVtcGxveWVlX2lkIjoiMDAwMDY1NmEtY2Y5Ny00N2E1LWFkMjgtZTJmYTJlYTJkZWFkIiwiZXhwIjoxNzUxODk0NjQyfQ.cxaSTWPcLG8BgDGe7iHu4V5gIcqTJD804ewb4i_nOsQ'}
2025-07-07 18:24:06,917 - src.api_client - DEBUG - JSON data: {'project_id': '9728cdbe-710b-4d18-a12f-ddbd18331f4d', 'description': None}
2025-07-07 18:24:06,917 - src.api_client - DEBUG - Query params: {'employee_id': '0000656a-cf97-47a5-ad28-e2fa2ea2dead'}
2025-07-07 18:24:06,926 - urllib3.connectionpool - DEBUG - http://localhost:8000 "POST /api/v1/time-tracking/start?employee_id=0000656a-cf97-47a5-ad28-e2fa2ea2dead HTTP/1.1" 400 54
2025-07-07 18:24:06,926 - src.api_client - DEBUG - Response status: 400
2025-07-07 18:24:06,926 - src.api_client - DEBUG - Response headers: {'date': 'Mon, 07 Jul 2025 12:54:06 GMT', 'server': 'uvicorn', 'content-length': '54', 'content-type': 'application/json'}
2025-07-07 18:24:06,926 - src.api_client - ERROR - API request failed: 400 Client Error: Bad Request for url: http://localhost:8000/api/v1/time-tracking/start?employee_id=0000656a-cf97-47a5-ad28-e2fa2ea2dead
2025-07-07 18:24:06,926 - src.api_client - ERROR - Response status: 400
2025-07-07 18:24:06,926 - src.api_client - ERROR - Response headers: {'date': 'Mon, 07 Jul 2025 12:54:06 GMT', 'server': 'uvicorn', 'content-length': '54', 'content-type': 'application/json'}
2025-07-07 18:24:06,926 - src.api_client - ERROR - Response body: {"detail":"Employee already has an active time entry"}
2025-07-07 18:24:06,927 - src.api_client - ERROR - Could not parse error response: API Error: Employee already has an active time entry
2025-07-07 18:24:06,927 - src.app_controller - ERROR - Error starting tracking: API request failed: 400 Client Error: Bad Request for url: http://localhost:8000/api/v1/time-tracking/start?employee_id=0000656a-cf97-47a5-ad28-e2fa2ea2dead
2025-07-07 18:24:20,267 - src.api_client - DEBUG - Making POST request to: http://localhost:8000/api/v1/time-tracking/start
2025-07-07 18:24:20,267 - src.api_client - DEBUG - Headers: {'Content-Type': 'application/json', 'Authorization': 'Bearer eyJhbGciOiJIUzI1NiIsInR5cCI6IkpXVCJ9.eyJzdWIiOiJ2aWthcyIsImVtcGxveWVlX2lkIjoiMDAwMDY1NmEtY2Y5Ny00N2E1LWFkMjgtZTJmYTJlYTJkZWFkIiwiZXhwIjoxNzUxODk0NjQyfQ.cxaSTWPcLG8BgDGe7iHu4V5gIcqTJD804ewb4i_nOsQ'}
2025-07-07 18:24:20,267 - src.api_client - DEBUG - JSON data: {'project_id': '9728cdbe-710b-4d18-a12f-ddbd18331f4d', 'description': None}
2025-07-07 18:24:20,267 - src.api_client - DEBUG - Query params: {'employee_id': '0000656a-cf97-47a5-ad28-e2fa2ea2dead'}
2025-07-07 18:24:20,268 - urllib3.connectionpool - DEBUG - Resetting dropped connection: localhost
2025-07-07 18:24:20,274 - urllib3.connectionpool - DEBUG - http://localhost:8000 "POST /api/v1/time-tracking/start?employee_id=0000656a-cf97-47a5-ad28-e2fa2ea2dead HTTP/1.1" 201 389
2025-07-07 18:24:20,274 - src.api_client - DEBUG - Response status: 201
2025-07-07 18:24:20,274 - src.api_client - DEBUG - Response headers: {'date': 'Mon, 07 Jul 2025 12:54:20 GMT', 'server': 'uvicorn', 'content-length': '389', 'content-type': 'application/json'}
2025-07-07 18:24:20,274 - src.app_controller - INFO - Start tracking API response: {'employee_id': '0000656a-cf97-47a5-ad28-e2fa2ea2dead', 'project_id': '9728cdbe-710b-4d18-a12f-ddbd18331f4d', 'description': None, 'id': 'b73435e2-b6ee-4b4d-bc3c-48c951c2ed0d', 'start_time': '2025-07-07T12:54:20.271366', 'end_time': None, 'duration_seconds': None, 'duration_minutes': None, 'duration_hours': None, 'app_usage_data': None, 'is_active': True, 'created_at': '2025-07-07T12:54:20', 'updated_at': None}
2025-07-07 18:24:20,274 - src.system_monitor - INFO - Monitoring session reset
2025-07-07 18:24:20,274 - src.system_monitor - INFO - System monitoring started
2025-07-07 18:24:20,275 - src.screenshot_manager - INFO - Screenshot capture started for time entry b73435e2-b6ee-4b4d-bc3c-48c951c2ed0d
2025-07-07 18:24:20,275 - src.app_controller - INFO - Time tracking started for project 9728cdbe-710b-4d18-a12f-ddbd18331f4d
2025-07-07 18:24:20,276 - src.system_monitor - DEBUG - Checking browsers: ['Safari', 'Google Chrome', 'Firefox', 'Microsoft Edge']
2025-07-07 18:24:20,276 - src.system_monitor - DEBUG - Current active app: Python
2025-07-07 18:24:20,276 - src.system_monitor - DEBUG - No browser is currently active
2025-07-07 18:24:20,393 - PIL.PngImagePlugin - DEBUG - STREAM b'IHDR' 16 13
2025-07-07 18:24:20,393 - PIL.PngImagePlugin - DEBUG - STREAM b'iCCP' 41 3148
2025-07-07 18:24:20,393 - PIL.PngImagePlugin - DEBUG - iCCP profile name b'ICC Profile'
2025-07-07 18:24:20,394 - PIL.PngImagePlugin - DEBUG - Compression method 0
2025-07-07 18:24:20,394 - PIL.PngImagePlugin - DEBUG - STREAM b'eXIf' 3201 56
2025-07-07 18:24:20,394 - PIL.PngImagePlugin - DEBUG - STREAM b'IDAT' 3269 16384
2025-07-07 18:24:20,508 - src.screenshot_manager - ERROR - Failed to capture screenshot: cannot write mode RGBA as JPEG
2025-07-07 18:24:30,282 - src.system_monitor - DEBUG - Checking browsers: ['Safari', 'Google Chrome', 'Firefox', 'Microsoft Edge']
2025-07-07 18:24:30,282 - src.system_monitor - DEBUG - Current active app: Python
2025-07-07 18:24:30,283 - src.system_monitor - DEBUG - No browser is currently active
2025-07-07 18:24:40,290 - src.system_monitor - DEBUG - Activity logged: {'timestamp': '2025-07-07T18:24:40.290220', 'type': 'app_switch', 'description': 'From Python to Google Chrome', 'duration': 20.013941}
2025-07-07 18:24:40,290 - src.system_monitor - DEBUG - Checking browsers: ['Safari', 'Google Chrome', 'Firefox', 'Microsoft Edge']
2025-07-07 18:24:40,290 - src.system_monitor - DEBUG - Current active app: Google Chrome
2025-07-07 18:24:40,290 - src.system_monitor - DEBUG - Browser Google Chrome is active (app: Google Chrome)
2025-07-07 18:24:40,290 - src.system_monitor - DEBUG - Checking browser: Safari
2025-07-07 18:24:40,427 - src.system_monitor - DEBUG - No website found for browser: Safari
2025-07-07 18:24:40,428 - src.system_monitor - DEBUG - Checking browser: Google Chrome
2025-07-07 18:24:40,549 - src.system_monitor - DEBUG - Found website: https://www.hotstar.com/in/movies/the-ring/1971001499/watch
2025-07-07 18:24:40,550 - src.system_monitor - DEBUG - Extracted domain: hotstar.com
2025-07-07 18:24:40,550 - src.system_monitor - DEBUG - Activity logged: {'timestamp': '2025-07-07T18:24:40.550279', 'type': 'website_visit', 'description': 'Visiting hotstar.com', 'duration': 0}
2025-07-07 18:24:40,550 - src.system_monitor - INFO - Now visiting: hotstar.com
2025-07-07 18:24:50,555 - src.system_monitor - DEBUG - Checking browsers: ['Safari', 'Google Chrome', 'Firefox', 'Microsoft Edge']
2025-07-07 18:24:50,556 - src.system_monitor - DEBUG - Current active app: Google Chrome
2025-07-07 18:24:50,556 - src.system_monitor - DEBUG - Browser Google Chrome is active (app: Google Chrome)
2025-07-07 18:24:50,556 - src.system_monitor - DEBUG - Checking browser: Safari
2025-07-07 18:24:50,705 - src.system_monitor - DEBUG - No website found for browser: Safari
2025-07-07 18:24:50,705 - src.system_monitor - DEBUG - Checking browser: Google Chrome
2025-07-07 18:24:50,815 - src.system_monitor - DEBUG - Found website: https://www.hotstar.com/in/movies/the-ring/1971001499/watch
2025-07-07 18:24:50,815 - src.system_monitor - DEBUG - Extracted domain: hotstar.com
2025-07-07 18:25:00,822 - src.system_monitor - DEBUG - Checking browsers: ['Safari', 'Google Chrome', 'Firefox', 'Microsoft Edge']
2025-07-07 18:25:00,822 - src.system_monitor - DEBUG - Current active app: Google Chrome
2025-07-07 18:25:00,822 - src.system_monitor - DEBUG - Browser Google Chrome is active (app: Google Chrome)
2025-07-07 18:25:00,822 - src.system_monitor - DEBUG - Checking browser: Safari
2025-07-07 18:25:00,968 - src.system_monitor - DEBUG - No website found for browser: Safari
2025-07-07 18:25:00,968 - src.system_monitor - DEBUG - Checking browser: Google Chrome
2025-07-07 18:25:01,077 - src.system_monitor - DEBUG - Found website: chrome://newtab/
2025-07-07 18:25:01,077 - src.system_monitor - DEBUG - Extracted domain: None
2025-07-07 18:25:11,083 - src.system_monitor - DEBUG - Checking browsers: ['Safari', 'Google Chrome', 'Firefox', 'Microsoft Edge']
2025-07-07 18:25:11,083 - src.system_monitor - DEBUG - Current active app: Google Chrome
2025-07-07 18:25:11,083 - src.system_monitor - DEBUG - Browser Google Chrome is active (app: Google Chrome)
2025-07-07 18:25:11,083 - src.system_monitor - DEBUG - Checking browser: Safari
2025-07-07 18:25:11,239 - src.system_monitor - DEBUG - No website found for browser: Safari
2025-07-07 18:25:11,239 - src.system_monitor - DEBUG - Checking browser: Google Chrome
2025-07-07 18:25:11,333 - src.system_monitor - DEBUG - Found website: https://mail.google.com/mail/u/0/#inbox
2025-07-07 18:25:11,334 - src.system_monitor - DEBUG - Extracted domain: mail.google.com
2025-07-07 18:25:11,334 - src.system_monitor - DEBUG - Activity logged: {'timestamp': '2025-07-07T18:25:11.334083', 'type': 'website_switch', 'description': 'From hotstar.com to mail.google.com', 'duration': 30.7838}
2025-07-07 18:25:11,334 - src.system_monitor - INFO - Website switch: hotstar.com -> mail.google.com (30.8s)
2025-07-07 18:25:11,334 - src.system_monitor - DEBUG - Activity logged: {'timestamp': '2025-07-07T18:25:11.334234', 'type': 'website_visit', 'description': 'Visiting mail.google.com', 'duration': 0}
2025-07-07 18:25:11,334 - src.system_monitor - INFO - Now visiting: mail.google.com
2025-07-07 18:25:20,667 - PIL.PngImagePlugin - DEBUG - STREAM b'IHDR' 16 13
2025-07-07 18:25:20,667 - PIL.PngImagePlugin - DEBUG - STREAM b'iCCP' 41 3148
2025-07-07 18:25:20,667 - PIL.PngImagePlugin - DEBUG - iCCP profile name b'ICC Profile'
2025-07-07 18:25:20,668 - PIL.PngImagePlugin - DEBUG - Compression method 0
2025-07-07 18:25:20,668 - PIL.PngImagePlugin - DEBUG - STREAM b'eXIf' 3201 56
2025-07-07 18:25:20,668 - PIL.PngImagePlugin - DEBUG - STREAM b'IDAT' 3269 16384
2025-07-07 18:25:20,800 - src.screenshot_manager - ERROR - Failed to capture screenshot: cannot write mode RGBA as JPEG
2025-07-07 18:25:21,340 - src.system_monitor - DEBUG - Checking browsers: ['Safari', 'Google Chrome', 'Firefox', 'Microsoft Edge']
2025-07-07 18:25:21,340 - src.system_monitor - DEBUG - Current active app: Google Chrome
2025-07-07 18:25:21,340 - src.system_monitor - DEBUG - Browser Google Chrome is active (app: Google Chrome)
2025-07-07 18:25:21,340 - src.system_monitor - DEBUG - Checking browser: Safari
2025-07-07 18:25:21,473 - src.system_monitor - DEBUG - No website found for browser: Safari
2025-07-07 18:25:21,473 - src.system_monitor - DEBUG - Checking browser: Google Chrome
2025-07-07 18:25:21,579 - src.system_monitor - DEBUG - Found website: https://mail.google.com/mail/u/0/#inbox/FMfcgzQbfxmMfJHCBdCpxDRRPjsrntMM
2025-07-07 18:25:21,579 - src.system_monitor - DEBUG - Extracted domain: mail.google.com
2025-07-07 18:25:31,585 - src.system_monitor - DEBUG - Checking browsers: ['Safari', 'Google Chrome', 'Firefox', 'Microsoft Edge']
2025-07-07 18:25:31,587 - src.system_monitor - DEBUG - Current active app: Google Chrome
2025-07-07 18:25:31,587 - src.system_monitor - DEBUG - Browser Google Chrome is active (app: Google Chrome)
2025-07-07 18:25:31,587 - src.system_monitor - DEBUG - Checking browser: Safari
2025-07-07 18:25:31,726 - src.system_monitor - DEBUG - No website found for browser: Safari
2025-07-07 18:25:31,726 - src.system_monitor - DEBUG - Checking browser: Google Chrome
2025-07-07 18:25:31,841 - src.system_monitor - DEBUG - Found website: https://www.hotstar.com/in/movies/the-ring/1971001499/watch
2025-07-07 18:25:31,841 - src.system_monitor - DEBUG - Extracted domain: hotstar.com
2025-07-07 18:25:31,841 - src.system_monitor - DEBUG - Activity logged: {'timestamp': '2025-07-07T18:25:31.841738', 'type': 'website_switch', 'description': 'From mail.google.com to hotstar.com', 'duration': 20.507497}
2025-07-07 18:25:31,841 - src.system_monitor - INFO - Website switch: mail.google.com -> hotstar.com (20.5s)
2025-07-07 18:25:31,841 - src.system_monitor - DEBUG - Activity logged: {'timestamp': '2025-07-07T18:25:31.841913', 'type': 'website_visit', 'description': 'Visiting hotstar.com', 'duration': 0}
2025-07-07 18:25:31,841 - src.system_monitor - INFO - Now visiting: hotstar.com
2025-07-07 18:25:33,418 - src.system_monitor - INFO - Formatted 4 usage entries from 2 apps + 2 websites
2025-07-07 18:25:33,418 - src.system_monitor - INFO - App usage data: {'Python': 20.013941, 'Google Chrome': 1.576593}
2025-07-07 18:25:33,418 - src.system_monitor - INFO - Website usage data: {'hotstar.com': 32.360408, 'mail.google.com': 20.507497}
2025-07-07 18:25:33,418 - src.app_controller - INFO - Usage data to send (apps + websites): ['hotstar.com: 32.4s', 'mail.google.com: 20.5s', 'Python: 20.0s', 'Google Chrome: 1.6s']
2025-07-07 18:25:38,419 - src.system_monitor - INFO - System monitoring stopped
2025-07-07 18:25:43,421 - src.screenshot_manager - INFO - Screenshot capture stopped
2025-07-07 18:25:43,421 - src.api_client - DEBUG - Making POST request to: http://localhost:8000/api/v1/time-tracking/stop
2025-07-07 18:25:43,422 - src.api_client - DEBUG - Headers: {'Content-Type': 'application/json', 'Authorization': 'Bearer eyJhbGciOiJIUzI1NiIsInR5cCI6IkpXVCJ9.eyJzdWIiOiJ2aWthcyIsImVtcGxveWVlX2lkIjoiMDAwMDY1NmEtY2Y5Ny00N2E1LWFkMjgtZTJmYTJlYTJkZWFkIiwiZXhwIjoxNzUxODk0NjQyfQ.cxaSTWPcLG8BgDGe7iHu4V5gIcqTJD804ewb4i_nOsQ'}
2025-07-07 18:25:43,422 - src.api_client - DEBUG - JSON data: {'app_usage_data': ['hotstar.com: 32.4s', 'mail.google.com: 20.5s', 'Python: 20.0s', 'Google Chrome: 1.6s']}
2025-07-07 18:25:43,422 - src.api_client - DEBUG - Query params: {'employee_id': '0000656a-cf97-47a5-ad28-e2fa2ea2dead'}
2025-07-07 18:25:43,424 - urllib3.connectionpool - DEBUG - Resetting dropped connection: localhost
2025-07-07 18:25:43,441 - urllib3.connectionpool - DEBUG - http://localhost:8000 "POST /api/v1/time-tracking/stop?employee_id=0000656a-cf97-47a5-ad28-e2fa2ea2dead HTTP/1.1" 200 540
2025-07-07 18:25:43,441 - src.api_client - DEBUG - Response status: 200
2025-07-07 18:25:43,441 - src.api_client - DEBUG - Response headers: {'date': 'Mon, 07 Jul 2025 12:55:43 GMT', 'server': 'uvicorn', 'content-length': '540', 'content-type': 'application/json'}
2025-07-07 18:25:43,442 - src.app_controller - INFO - Stop tracking API response: {'employee_id': '0000656a-cf97-47a5-ad28-e2fa2ea2dead', 'project_id': '9728cdbe-710b-4d18-a12f-ddbd18331f4d', 'description': None, 'id': 'b73435e2-b6ee-4b4d-bc3c-48c951c2ed0d', 'start_time': '2025-07-07T12:54:20.271366', 'end_time': '2025-07-07T12:55:43.436113', 'duration_seconds': 83, 'duration_minutes': 1.3833333333333333, 'duration_hours': 0.023055555555555555, 'app_usage_data': ['hotstar.com: 32.4s', 'mail.google.com: 20.5s', 'Python: 20.0s', 'Google Chrome: 1.6s'], 'is_active': False, 'created_at': '2025-07-07T12:54:20', 'updated_at': '2025-07-07T12:55:43'}
2025-07-07 18:25:44,444 - src.app_controller - INFO - Time tracking stopped successfully
2025-07-07 18:42:27,707 - src.api_client - DEBUG - Making POST request to: http://localhost:8000/api/v1/time-tracking/start
2025-07-07 18:42:27,710 - src.api_client - DEBUG - Headers: {'Content-Type': 'application/json', 'Authorization': 'Bearer eyJhbGciOiJIUzI1NiIsInR5cCI6IkpXVCJ9.eyJzdWIiOiJ2aWthcyIsImVtcGxveWVlX2lkIjoiMDAwMDY1NmEtY2Y5Ny00N2E1LWFkMjgtZTJmYTJlYTJkZWFkIiwiZXhwIjoxNzUxODk0NjQyfQ.cxaSTWPcLG8BgDGe7iHu4V5gIcqTJD804ewb4i_nOsQ'}
2025-07-07 18:42:27,710 - src.api_client - DEBUG - JSON data: {'project_id': '2b8c418e-6997-466f-8dbc-fabc9e1a3836', 'description': None}
2025-07-07 18:42:27,710 - src.api_client - DEBUG - Query params: {'employee_id': '0000656a-cf97-47a5-ad28-e2fa2ea2dead'}
2025-07-07 18:42:27,716 - urllib3.connectionpool - DEBUG - Resetting dropped connection: localhost
2025-07-07 18:42:27,730 - urllib3.connectionpool - DEBUG - http://localhost:8000 "POST /api/v1/time-tracking/start?employee_id=0000656a-cf97-47a5-ad28-e2fa2ea2dead HTTP/1.1" 201 389
2025-07-07 18:42:27,730 - src.api_client - DEBUG - Response status: 201
2025-07-07 18:42:27,730 - src.api_client - DEBUG - Response headers: {'date': 'Mon, 07 Jul 2025 13:12:26 GMT', 'server': 'uvicorn', 'content-length': '389', 'content-type': 'application/json'}
2025-07-07 18:42:27,730 - src.app_controller - INFO - Start tracking API response: {'employee_id': '0000656a-cf97-47a5-ad28-e2fa2ea2dead', 'project_id': '2b8c418e-6997-466f-8dbc-fabc9e1a3836', 'description': None, 'id': '397d7b7b-b3c8-4958-967b-f308bac5de68', 'start_time': '2025-07-07T13:12:27.724904', 'end_time': None, 'duration_seconds': None, 'duration_minutes': None, 'duration_hours': None, 'app_usage_data': None, 'is_active': True, 'created_at': '2025-07-07T13:12:27', 'updated_at': None}
2025-07-07 18:42:27,730 - src.system_monitor - INFO - Monitoring session reset
2025-07-07 18:42:27,731 - src.system_monitor - INFO - System monitoring started
2025-07-07 18:42:27,731 - src.screenshot_manager - INFO - Screenshot capture started for time entry 397d7b7b-b3c8-4958-967b-f308bac5de68
2025-07-07 18:42:27,732 - src.app_controller - INFO - Time tracking started for project 2b8c418e-6997-466f-8dbc-fabc9e1a3836
2025-07-07 18:42:27,732 - src.system_monitor - DEBUG - Checking browsers: ['Safari', 'Google Chrome', 'Firefox', 'Microsoft Edge']
2025-07-07 18:42:27,742 - src.system_monitor - DEBUG - Current active app: Python
2025-07-07 18:42:27,742 - src.system_monitor - DEBUG - No browser is currently active
2025-07-07 18:42:27,907 - PIL.PngImagePlugin - DEBUG - STREAM b'IHDR' 16 13
2025-07-07 18:42:27,907 - PIL.PngImagePlugin - DEBUG - STREAM b'iCCP' 41 3148
2025-07-07 18:42:27,907 - PIL.PngImagePlugin - DEBUG - iCCP profile name b'ICC Profile'
2025-07-07 18:42:27,907 - PIL.PngImagePlugin - DEBUG - Compression method 0
2025-07-07 18:42:27,907 - PIL.PngImagePlugin - DEBUG - STREAM b'eXIf' 3201 56
2025-07-07 18:42:27,907 - PIL.PngImagePlugin - DEBUG - STREAM b'IDAT' 3269 16384
2025-07-07 18:42:28,029 - src.screenshot_manager - ERROR - Failed to capture screenshot: cannot write mode RGBA as JPEG
2025-07-07 18:42:35,475 - src.system_monitor - INFO - Formatted 1 usage entries from 1 apps + 0 websites
2025-07-07 18:42:35,476 - src.system_monitor - INFO - App usage data: {'Python': 7.742162}
2025-07-07 18:42:35,476 - src.system_monitor - INFO - Website usage data: {}
2025-07-07 18:42:35,476 - src.app_controller - INFO - Usage data to send (apps + websites): ['Python: 7.7s']
2025-07-07 18:42:37,747 - src.system_monitor - INFO - System monitoring stopped
2025-07-07 18:42:42,749 - src.screenshot_manager - INFO - Screenshot capture stopped
2025-07-07 18:42:42,749 - src.api_client - DEBUG - Making POST request to: http://localhost:8000/api/v1/time-tracking/stop
2025-07-07 18:42:42,749 - src.api_client - DEBUG - Headers: {'Content-Type': 'application/json', 'Authorization': 'Bearer eyJhbGciOiJIUzI1NiIsInR5cCI6IkpXVCJ9.eyJzdWIiOiJ2aWthcyIsImVtcGxveWVlX2lkIjoiMDAwMDY1NmEtY2Y5Ny00N2E1LWFkMjgtZTJmYTJlYTJkZWFkIiwiZXhwIjoxNzUxODk0NjQyfQ.cxaSTWPcLG8BgDGe7iHu4V5gIcqTJD804ewb4i_nOsQ'}
2025-07-07 18:42:42,750 - src.api_client - DEBUG - JSON data: {'app_usage_data': ['Python: 7.7s']}
2025-07-07 18:42:42,750 - src.api_client - DEBUG - Query params: {'employee_id': '0000656a-cf97-47a5-ad28-e2fa2ea2dead'}
2025-07-07 18:42:42,753 - urllib3.connectionpool - DEBUG - Resetting dropped connection: localhost
2025-07-07 18:42:42,763 - urllib3.connectionpool - DEBUG - http://localhost:8000 "POST /api/v1/time-tracking/stop?employee_id=0000656a-cf97-47a5-ad28-e2fa2ea2dead HTTP/1.1" 200 457
2025-07-07 18:42:42,763 - src.api_client - DEBUG - Response status: 200
2025-07-07 18:42:42,763 - src.api_client - DEBUG - Response headers: {'date': 'Mon, 07 Jul 2025 13:12:41 GMT', 'server': 'uvicorn', 'content-length': '457', 'content-type': 'application/json'}
2025-07-07 18:42:42,763 - src.app_controller - INFO - Stop tracking API response: {'employee_id': '0000656a-cf97-47a5-ad28-e2fa2ea2dead', 'project_id': '2b8c418e-6997-466f-8dbc-fabc9e1a3836', 'description': None, 'id': '397d7b7b-b3c8-4958-967b-f308bac5de68', 'start_time': '2025-07-07T13:12:27.724904', 'end_time': '2025-07-07T13:12:42.758185', 'duration_seconds': 15, 'duration_minutes': 0.25, 'duration_hours': 0.004166666666666667, 'app_usage_data': ['Python: 7.7s'], 'is_active': False, 'created_at': '2025-07-07T13:12:27', 'updated_at': '2025-07-07T13:12:42'}
2025-07-07 18:42:43,765 - src.app_controller - INFO - Time tracking stopped successfully
2025-07-07 18:53:30,087 - src.app_controller - INFO - Application controller initialized
2025-07-07 18:53:30,230 - src.ui.main_window - ERROR - Error setting up stored credentials: cannot use geometry manager grid inside .!frame which already has slaves managed by pack
2025-07-07 18:53:30,234 - src.ui.main_window - INFO - Login page created with simplified layout
2025-07-07 18:54:15,471 - src.ui.main_window - INFO - Login button clicked!
2025-07-07 18:54:15,473 - src.ui.main_window - INFO - Username: 'vikas', Password length: 11
2025-07-07 18:54:15,477 - src.ui.main_window - INFO - Starting login thread...
2025-07-07 18:54:15,478 - src.ui.main_window - INFO - Login thread started for user: vikas
2025-07-07 18:54:15,485 - urllib3.connectionpool - DEBUG - Starting new HTTP connection (1): localhost:8000
2025-07-07 18:54:15,494 - urllib3.connectionpool - DEBUG - http://localhost:8000 "GET /health HTTP/1.1" 200 20
2025-07-07 18:54:15,495 - src.app_controller - INFO - Authenticating user: vikas
2025-07-07 18:54:15,495 - src.api_client - INFO - Sending authentication request to: http://localhost:8000/api/v1/auth/login
2025-07-07 18:54:15,495 - src.api_client - INFO - Request data: {'username': 'vikas', 'password': '[REDACTED]'}
2025-07-07 18:54:15,495 - src.api_client - INFO - Password length: 11
2025-07-07 18:54:15,495 - src.api_client - DEBUG - Making POST request to: http://localhost:8000/api/v1/auth/login
2025-07-07 18:54:15,495 - src.api_client - DEBUG - Headers: {'Content-Type': 'application/json'}
2025-07-07 18:54:15,495 - src.api_client - DEBUG - JSON data: {'username': 'vikas', 'password': '[REDACTED]'}
2025-07-07 18:54:15,517 - urllib3.connectionpool - DEBUG - http://localhost:8000 "POST /api/v1/auth/login HTTP/1.1" 401 43
2025-07-07 18:54:15,517 - src.api_client - DEBUG - Response status: 401
2025-07-07 18:54:15,517 - src.api_client - DEBUG - Response headers: {'date': 'Mon, 07 Jul 2025 13:24:15 GMT', 'server': 'uvicorn', 'www-authenticate': 'Bearer', 'content-length': '43', 'content-type': 'application/json'}
2025-07-07 18:54:15,517 - src.api_client - ERROR - API request failed: 401 Client Error: Unauthorized for url: http://localhost:8000/api/v1/auth/login
2025-07-07 18:54:15,517 - src.api_client - ERROR - Response status: 401
2025-07-07 18:54:15,517 - src.api_client - ERROR - Response headers: {'date': 'Mon, 07 Jul 2025 13:24:15 GMT', 'server': 'uvicorn', 'www-authenticate': 'Bearer', 'content-length': '43', 'content-type': 'application/json'}
2025-07-07 18:54:15,517 - src.api_client - ERROR - Response body: {"detail":"Incorrect username or password"}
2025-07-07 18:54:15,517 - src.api_client - ERROR - Could not parse error response: API Error: Incorrect username or password
2025-07-07 18:54:15,517 - src.app_controller - ERROR - API authentication failed: API request failed: 401 Client Error: Unauthorized for url: http://localhost:8000/api/v1/auth/login
2025-07-07 18:54:15,517 - src.ui.main_window - INFO - Login result: False
2025-07-07 18:54:15,517 - src.ui.main_window - INFO - Login result handler called: success=False, error=Login failed. Please check your credentials and ensure your password is at least 6 characters.
2025-07-07 18:54:15,518 - src.ui.main_window - ERROR - Login failed: Login failed. Please check your credentials and ensure your password is at least 6 characters.
2025-07-07 18:54:43,802 - src.ui.main_window - INFO - Login button clicked!
2025-07-07 18:54:43,803 - src.ui.main_window - INFO - Username: 'vikas', Password length: 11
2025-07-07 18:54:43,816 - src.ui.main_window - INFO - Starting login thread...
2025-07-07 18:54:43,816 - src.ui.main_window - INFO - Login thread started for user: vikas
2025-07-07 18:54:43,818 - urllib3.connectionpool - DEBUG - Resetting dropped connection: localhost
2025-07-07 18:54:43,823 - urllib3.connectionpool - DEBUG - http://localhost:8000 "GET /health HTTP/1.1" 200 20
2025-07-07 18:54:43,824 - src.app_controller - INFO - Authenticating user: vikas
2025-07-07 18:54:43,824 - src.api_client - INFO - Sending authentication request to: http://localhost:8000/api/v1/auth/login
2025-07-07 18:54:43,824 - src.api_client - INFO - Request data: {'username': 'vikas', 'password': '[REDACTED]'}
2025-07-07 18:54:43,824 - src.api_client - INFO - Password length: 11
2025-07-07 18:54:43,824 - src.api_client - DEBUG - Making POST request to: http://localhost:8000/api/v1/auth/login
2025-07-07 18:54:43,824 - src.api_client - DEBUG - Headers: {'Content-Type': 'application/json'}
2025-07-07 18:54:43,824 - src.api_client - DEBUG - JSON data: {'username': 'vikas', 'password': '[REDACTED]'}
2025-07-07 18:54:43,845 - urllib3.connectionpool - DEBUG - http://localhost:8000 "POST /api/v1/auth/login HTTP/1.1" 401 43
2025-07-07 18:54:43,846 - src.api_client - DEBUG - Response status: 401
2025-07-07 18:54:43,846 - src.api_client - DEBUG - Response headers: {'date': 'Mon, 07 Jul 2025 13:24:43 GMT', 'server': 'uvicorn', 'www-authenticate': 'Bearer', 'content-length': '43', 'content-type': 'application/json'}
2025-07-07 18:54:43,846 - src.api_client - ERROR - API request failed: 401 Client Error: Unauthorized for url: http://localhost:8000/api/v1/auth/login
2025-07-07 18:54:43,846 - src.api_client - ERROR - Response status: 401
2025-07-07 18:54:43,846 - src.api_client - ERROR - Response headers: {'date': 'Mon, 07 Jul 2025 13:24:43 GMT', 'server': 'uvicorn', 'www-authenticate': 'Bearer', 'content-length': '43', 'content-type': 'application/json'}
2025-07-07 18:54:43,846 - src.api_client - ERROR - Response body: {"detail":"Incorrect username or password"}
2025-07-07 18:54:43,846 - src.api_client - ERROR - Could not parse error response: API Error: Incorrect username or password
2025-07-07 18:54:43,846 - src.app_controller - ERROR - API authentication failed: API request failed: 401 Client Error: Unauthorized for url: http://localhost:8000/api/v1/auth/login
2025-07-07 18:54:43,846 - src.ui.main_window - INFO - Login result: False
2025-07-07 18:54:43,846 - src.ui.main_window - INFO - Login result handler called: success=False, error=Login failed. Please check your credentials and ensure your password is at least 6 characters.
2025-07-07 18:54:43,846 - src.ui.main_window - ERROR - Login failed: Login failed. Please check your credentials and ensure your password is at least 6 characters.
2025-07-07 18:54:52,939 - src.ui.main_window - INFO - Login button clicked!
2025-07-07 18:54:52,940 - src.ui.main_window - INFO - Username: 'vikas', Password length: 11
2025-07-07 18:54:52,948 - src.ui.main_window - INFO - Starting login thread...
2025-07-07 18:54:52,949 - src.ui.main_window - INFO - Login thread started for user: vikas
2025-07-07 18:54:52,950 - urllib3.connectionpool - DEBUG - Resetting dropped connection: localhost
2025-07-07 18:54:52,953 - urllib3.connectionpool - DEBUG - http://localhost:8000 "GET /health HTTP/1.1" 200 20
2025-07-07 18:54:52,953 - src.app_controller - INFO - Authenticating user: vikas
2025-07-07 18:54:52,954 - src.api_client - INFO - Sending authentication request to: http://localhost:8000/api/v1/auth/login
2025-07-07 18:54:52,954 - src.api_client - INFO - Request data: {'username': 'vikas', 'password': '[REDACTED]'}
2025-07-07 18:54:52,954 - src.api_client - INFO - Password length: 11
2025-07-07 18:54:52,954 - src.api_client - DEBUG - Making POST request to: http://localhost:8000/api/v1/auth/login
2025-07-07 18:54:52,954 - src.api_client - DEBUG - Headers: {'Content-Type': 'application/json'}
2025-07-07 18:54:52,954 - src.api_client - DEBUG - JSON data: {'username': 'vikas', 'password': '[REDACTED]'}
2025-07-07 18:54:52,958 - urllib3.connectionpool - DEBUG - http://localhost:8000 "POST /api/v1/auth/login HTTP/1.1" 401 43
2025-07-07 18:54:52,958 - src.api_client - DEBUG - Response status: 401
2025-07-07 18:54:52,958 - src.api_client - DEBUG - Response headers: {'date': 'Mon, 07 Jul 2025 13:24:52 GMT', 'server': 'uvicorn', 'www-authenticate': 'Bearer', 'content-length': '43', 'content-type': 'application/json'}
2025-07-07 18:54:52,958 - src.api_client - ERROR - API request failed: 401 Client Error: Unauthorized for url: http://localhost:8000/api/v1/auth/login
2025-07-07 18:54:52,958 - src.api_client - ERROR - Response status: 401
2025-07-07 18:54:52,958 - src.api_client - ERROR - Response headers: {'date': 'Mon, 07 Jul 2025 13:24:52 GMT', 'server': 'uvicorn', 'www-authenticate': 'Bearer', 'content-length': '43', 'content-type': 'application/json'}
2025-07-07 18:54:52,958 - src.api_client - ERROR - Response body: {"detail":"Incorrect username or password"}
2025-07-07 18:54:52,958 - src.api_client - ERROR - Could not parse error response: API Error: Incorrect username or password
2025-07-07 18:54:52,958 - src.app_controller - ERROR - API authentication failed: API request failed: 401 Client Error: Unauthorized for url: http://localhost:8000/api/v1/auth/login
2025-07-07 18:54:52,958 - src.ui.main_window - INFO - Login result: False
2025-07-07 18:54:52,959 - src.ui.main_window - INFO - Login result handler called: success=False, error=Login failed. Please check your credentials and ensure your password is at least 6 characters.
2025-07-07 18:54:52,959 - src.ui.main_window - ERROR - Login failed: Login failed. Please check your credentials and ensure your password is at least 6 characters.
2025-07-07 18:55:11,012 - src.ui.main_window - INFO - Login button clicked!
2025-07-07 18:55:11,013 - src.ui.main_window - INFO - Username: 'admin', Password length: 5
2025-07-07 18:55:11,032 - src.ui.main_window - INFO - Starting login thread...
2025-07-07 18:55:11,032 - src.ui.main_window - INFO - Login thread started for user: admin
2025-07-07 18:55:11,032 - src.app_controller - ERROR - Login failed: Password must be at least 6 characters
2025-07-07 18:55:11,032 - src.ui.main_window - INFO - Login result: False
2025-07-07 18:55:11,033 - src.ui.main_window - INFO - Login result handler called: success=False, error=Login failed. Please check your credentials and ensure your password is at least 6 characters.
2025-07-07 18:55:11,033 - src.ui.main_window - ERROR - Login failed: Login failed. Please check your credentials and ensure your password is at least 6 characters.
2025-07-07 18:55:46,700 - src.ui.main_window - INFO - Login button clicked!
2025-07-07 18:55:46,701 - src.ui.main_window - INFO - Username: 'admin', Password length: 5
2025-07-07 18:55:46,716 - src.ui.main_window - INFO - Starting login thread...
2025-07-07 18:55:46,717 - src.ui.main_window - INFO - Login thread started for user: admin
2025-07-07 18:55:46,717 - src.app_controller - ERROR - Login failed: Password must be at least 6 characters
2025-07-07 18:55:46,717 - src.ui.main_window - INFO - Login result: False
2025-07-07 18:55:46,717 - src.ui.main_window - INFO - Login result handler called: success=False, error=Login failed. Please check your credentials and ensure your password is at least 6 characters.
2025-07-07 18:55:46,718 - src.ui.main_window - ERROR - Login failed: Login failed. Please check your credentials and ensure your password is at least 6 characters.
2025-07-07 18:56:02,052 - src.ui.main_window - INFO - Login button clicked!
2025-07-07 18:56:02,053 - src.ui.main_window - INFO - Username: 'vikas', Password length: 11
2025-07-07 18:56:02,067 - src.ui.main_window - INFO - Starting login thread...
2025-07-07 18:56:02,067 - src.ui.main_window - INFO - Login thread started for user: vikas
2025-07-07 18:56:02,069 - urllib3.connectionpool - DEBUG - Resetting dropped connection: localhost
2025-07-07 18:56:02,072 - urllib3.connectionpool - DEBUG - http://localhost:8000 "GET /health HTTP/1.1" 200 20
2025-07-07 18:56:02,072 - src.app_controller - INFO - Authenticating user: vikas
2025-07-07 18:56:02,072 - src.api_client - INFO - Sending authentication request to: http://localhost:8000/api/v1/auth/login
2025-07-07 18:56:02,072 - src.api_client - INFO - Request data: {'username': 'vikas', 'password': '[REDACTED]'}
2025-07-07 18:56:02,072 - src.api_client - INFO - Password length: 11
2025-07-07 18:56:02,072 - src.api_client - DEBUG - Making POST request to: http://localhost:8000/api/v1/auth/login
2025-07-07 18:56:02,072 - src.api_client - DEBUG - Headers: {'Content-Type': 'application/json'}
2025-07-07 18:56:02,072 - src.api_client - DEBUG - JSON data: {'username': 'vikas', 'password': '[REDACTED]'}
2025-07-07 18:56:02,077 - urllib3.connectionpool - DEBUG - http://localhost:8000 "POST /api/v1/auth/login HTTP/1.1" 401 43
2025-07-07 18:56:02,078 - src.api_client - DEBUG - Response status: 401
2025-07-07 18:56:02,078 - src.api_client - DEBUG - Response headers: {'date': 'Mon, 07 Jul 2025 13:26:01 GMT', 'server': 'uvicorn', 'www-authenticate': 'Bearer', 'content-length': '43', 'content-type': 'application/json'}
2025-07-07 18:56:02,078 - src.api_client - ERROR - API request failed: 401 Client Error: Unauthorized for url: http://localhost:8000/api/v1/auth/login
2025-07-07 18:56:02,078 - src.api_client - ERROR - Response status: 401
2025-07-07 18:56:02,078 - src.api_client - ERROR - Response headers: {'date': 'Mon, 07 Jul 2025 13:26:01 GMT', 'server': 'uvicorn', 'www-authenticate': 'Bearer', 'content-length': '43', 'content-type': 'application/json'}
2025-07-07 18:56:02,078 - src.api_client - ERROR - Response body: {"detail":"Incorrect username or password"}
2025-07-07 18:56:02,078 - src.api_client - ERROR - Could not parse error response: API Error: Incorrect username or password
2025-07-07 18:56:02,078 - src.app_controller - ERROR - API authentication failed: API request failed: 401 Client Error: Unauthorized for url: http://localhost:8000/api/v1/auth/login
2025-07-07 18:56:02,078 - src.ui.main_window - INFO - Login result: False
2025-07-07 18:56:02,087 - src.ui.main_window - INFO - Login result handler called: success=False, error=Login failed. Please check your credentials and ensure your password is at least 6 characters.
2025-07-07 18:56:02,087 - src.ui.main_window - ERROR - Login failed: Login failed. Please check your credentials and ensure your password is at least 6 characters.
2025-07-07 19:10:35,446 - src.app_controller - INFO - Application controller initialized
2025-07-07 19:10:35,585 - src.ui.main_window - INFO - Login page created with dark theme
2025-07-07 19:10:45,772 - src.ui.main_window - INFO - Login button clicked!
2025-07-07 19:10:45,772 - src.ui.main_window - INFO - Username: 'shubham', Password length: 12
2025-07-07 19:10:45,777 - src.ui.main_window - INFO - Starting login thread...
2025-07-07 19:10:45,777 - src.ui.main_window - INFO - Login thread started for user: shubham
2025-07-07 19:10:45,791 - src.app_controller - INFO - Authenticating user: shubham
2025-07-07 19:10:45,791 - src.api_client - INFO - Sending authentication request to: http://localhost:8000/api/v1/auth/login
2025-07-07 19:10:45,791 - src.api_client - INFO - Request data: {'username': 'shubham', 'password': '[REDACTED]'}
2025-07-07 19:10:45,791 - src.api_client - INFO - Password length: 12
2025-07-07 19:10:45,797 - src.api_client - ERROR - API request failed: 401 Client Error: Unauthorized for url: http://localhost:8000/api/v1/auth/login
2025-07-07 19:10:45,797 - src.api_client - ERROR - Response status: 401
2025-07-07 19:10:45,797 - src.api_client - ERROR - Response headers: {'date': 'Mon, 07 Jul 2025 13:40:45 GMT', 'server': 'uvicorn', 'www-authenticate': 'Bearer', 'content-length': '43', 'content-type': 'application/json'}
2025-07-07 19:10:45,797 - src.api_client - ERROR - Response body: {"detail":"Incorrect username or password"}
2025-07-07 19:10:45,797 - src.api_client - ERROR - Could not parse error response: API Error: Incorrect username or password
2025-07-07 19:10:45,797 - src.app_controller - ERROR - API authentication failed: API request failed: 401 Client Error: Unauthorized for url: http://localhost:8000/api/v1/auth/login
2025-07-07 19:10:45,797 - src.ui.main_window - INFO - Login result: False
2025-07-07 19:10:45,798 - src.ui.main_window - INFO - Login result handler called: success=False, error=Login failed. Please check your credentials and ensure your password is at least 6 characters.
2025-07-07 19:10:45,798 - src.ui.main_window - ERROR - Login failed: Login failed. Please check your credentials and ensure your password is at least 6 characters.
2025-07-07 19:18:43,057 - src.app_controller - INFO - Application controller initialized
2025-07-07 19:18:43,210 - src.ui.main_window - INFO - Login page created with dark theme
2025-07-07 19:19:02,186 - src.ui.main_window - INFO - Login button clicked!
2025-07-07 19:19:02,187 - src.ui.main_window - INFO - Username: 'vikas3008', Password length: 14
2025-07-07 19:19:02,195 - src.ui.main_window - INFO - Starting login thread...
2025-07-07 19:19:02,196 - src.ui.main_window - INFO - Login thread started for user: vikas3008
2025-07-07 19:19:02,206 - src.app_controller - INFO - Authenticating user: vikas3008
2025-07-07 19:19:02,206 - src.api_client - INFO - Sending authentication request to: http://localhost:8000/api/v1/auth/login
2025-07-07 19:19:02,206 - src.api_client - INFO - Request data: {'username': 'vikas3008', 'password': '[REDACTED]'}
2025-07-07 19:19:02,207 - src.api_client - INFO - Password length: 14
2025-07-07 19:19:02,399 - src.api_client - INFO - Authentication successful - token received
2025-07-07 19:19:02,399 - src.app_controller - INFO - Authentication successful, getting employee data
2025-07-07 19:19:02,419 - src.auth - INFO - Credentials stored for user: vikas3008
2025-07-07 19:19:02,430 - src.auth - INFO - User logged in: vikas3008
2025-07-07 19:19:02,431 - src.app_controller - INFO - Background sync started
2025-07-07 19:19:02,431 - src.app_controller - INFO - User logged in successfully: vikas3008
2025-07-07 19:19:02,431 - src.ui.main_window - INFO - Login result: True
2025-07-07 19:19:02,439 - src.ui.main_window - INFO - Login result handler called: success=True, error=None
2025-07-07 19:19:02,439 - src.ui.main_window - INFO - Login successful, showing main page in 1 second
2025-07-07 19:19:16,017 - src.app_controller - INFO - Start tracking API response: {'employee_id': 'a5e14a6d-fa17-4780-81a3-4106957732dc', 'project_id': '9728cdbe-710b-4d18-a12f-ddbd18331f4d', 'description': None, 'id': '5818fd9a-4868-41e2-a030-0b66cd3fcc85', 'start_time': '2025-07-07T13:49:16.009210', 'end_time': None, 'duration_seconds': None, 'duration_minutes': None, 'duration_hours': None, 'app_usage_data': None, 'is_active': True, 'created_at': '2025-07-07T13:49:16', 'updated_at': None}
2025-07-07 19:19:16,017 - src.system_monitor - INFO - Monitoring session reset
2025-07-07 19:19:16,018 - src.system_monitor - INFO - System monitoring started
2025-07-07 19:19:16,019 - src.screenshot_manager - INFO - Screenshot capture started for time entry 5818fd9a-4868-41e2-a030-0b66cd3fcc85
2025-07-07 19:19:16,019 - src.app_controller - INFO - Time tracking started for project 9728cdbe-710b-4d18-a12f-ddbd18331f4d
2025-07-07 19:19:16,448 - src.screenshot_manager - INFO - Screenshot uploaded successfully: screenshots/screenshot_20250707_191916_69fb4488.jpg
2025-07-07 19:19:26,268 - src.system_monitor - INFO - Now visiting: hotstar.com
2025-07-07 19:19:36,532 - src.system_monitor - INFO - Website switch: hotstar.com -> github.com (10.3s)
2025-07-07 19:19:36,533 - src.system_monitor - INFO - Now visiting: github.com
2025-07-07 19:20:17,564 - src.system_monitor - INFO - Website switch: github.com -> hotstar.com (41.0s)
2025-07-07 19:20:17,564 - src.system_monitor - INFO - Now visiting: hotstar.com
2025-07-07 19:21:03,683 - src.system_monitor - INFO - Formatted 4 usage entries from 2 apps + 2 websites
2025-07-07 19:21:03,685 - src.system_monitor - INFO - App usage data: {'Python': 15.335482, 'Google Chrome': 40.789076}
2025-07-07 19:21:03,685 - src.system_monitor - INFO - Website usage data: {'hotstar.com': 15.593906, 'github.com': 41.030837}
2025-07-07 19:21:03,685 - src.app_controller - INFO - Usage data to send (apps + websites): ['github.com: 41.0s', 'Google Chrome: 40.8s', 'hotstar.com: 15.6s', 'Python: 15.3s']
2025-07-07 19:21:08,359 - src.system_monitor - INFO - System monitoring stopped
2025-07-07 19:21:13,360 - src.screenshot_manager - INFO - Screenshot capture stopped
2025-07-07 19:21:13,380 - src.app_controller - INFO - Stop tracking API response: {'employee_id': 'a5e14a6d-fa17-4780-81a3-4106957732dc', 'project_id': '9728cdbe-710b-4d18-a12f-ddbd18331f4d', 'description': None, 'id': '5818fd9a-4868-41e2-a030-0b66cd3fcc85', 'start_time': '2025-07-07T13:49:16.009210', 'end_time': '2025-07-07T13:51:13.370351', 'duration_seconds': 117, 'duration_minutes': 1.95, 'duration_hours': 0.0325, 'app_usage_data': ['github.com: 41.0s', 'Google Chrome: 40.8s', 'hotstar.com: 15.6s', 'Python: 15.3s'], 'is_active': False, 'created_at': '2025-07-07T13:49:16', 'updated_at': '2025-07-07T13:51:13'}
2025-07-07 19:21:14,383 - src.app_controller - INFO - Time tracking stopped successfully
2025-07-07 19:30:35,952 - src.app_controller - INFO - Start tracking API response: {'employee_id': 'a5e14a6d-fa17-4780-81a3-4106957732dc', 'project_id': '57ac20f2-6beb-4536-ab99-58e31a50bbb6', 'description': None, 'id': '63043d1c-05c3-4c33-899b-0a5c7d82186a', 'start_time': '2025-07-07T14:00:35.948018', 'end_time': None, 'duration_seconds': None, 'duration_minutes': None, 'duration_hours': None, 'app_usage_data': None, 'is_active': True, 'created_at': '2025-07-07T14:00:35', 'updated_at': None}
2025-07-07 19:30:35,953 - src.system_monitor - INFO - Monitoring session reset
2025-07-07 19:30:35,953 - src.system_monitor - INFO - System monitoring started
2025-07-07 19:30:35,954 - src.screenshot_manager - INFO - Screenshot capture started for time entry 63043d1c-05c3-4c33-899b-0a5c7d82186a
2025-07-07 19:30:35,954 - src.app_controller - INFO - Time tracking started for project 57ac20f2-6beb-4536-ab99-58e31a50bbb6
2025-07-07 19:30:36,398 - src.screenshot_manager - INFO - Screenshot uploaded successfully: screenshots/screenshot_20250707_193035_7e1a2a57.jpg
2025-07-07 19:30:46,580 - src.system_monitor - INFO - Now visiting: hotstar.com
2025-07-07 19:31:48,101 - src.system_monitor - INFO - Formatted 4 usage entries from 3 apps + 1 websites
2025-07-07 19:31:48,101 - src.system_monitor - INFO - App usage data: {'Python': 21.005342000000002, 'Google Chrome': 30.514737, 'Notion': 20.007134}
2025-07-07 19:31:48,101 - src.system_monitor - INFO - Website usage data: {'hotstar.com': 0.994659}
2025-07-07 19:31:48,101 - src.app_controller - INFO - Usage data to send (apps + websites): ['Google Chrome: 30.5s', 'Python: 21.0s', 'Notion: 20.0s', 'hotstar.com: 1.0s']
2025-07-07 19:31:53,102 - src.system_monitor - INFO - System monitoring stopped
2025-07-07 19:31:58,104 - src.screenshot_manager - INFO - Screenshot capture stopped
2025-07-07 19:31:58,120 - src.app_controller - INFO - Stop tracking API response: {'employee_id': 'a5e14a6d-fa17-4780-81a3-4106957732dc', 'project_id': '57ac20f2-6beb-4536-ab99-58e31a50bbb6', 'description': None, 'id': '63043d1c-05c3-4c33-899b-0a5c7d82186a', 'start_time': '2025-07-07T14:00:35.948018', 'end_time': '2025-07-07T14:01:58.113062', 'duration_seconds': 82, 'duration_minutes': 1.3666666666666667, 'duration_hours': 0.02277777777777778, 'app_usage_data': ['Google Chrome: 30.5s', 'Python: 21.0s', 'Notion: 20.0s', 'hotstar.com: 1.0s'], 'is_active': False, 'created_at': '2025-07-07T14:00:35', 'updated_at': '2025-07-07T14:01:58'}
2025-07-07 19:31:59,124 - src.app_controller - INFO - Time tracking stopped successfully
2025-07-07 19:33:42,212 - src.app_controller - INFO - Background sync stopped
2025-07-07 19:33:42,214 - src.auth - INFO - User logged out: vikas3008
2025-07-07 19:33:42,214 - src.app_controller - INFO - User logged out successfully
2025-07-07 19:33:42,237 - src.ui.main_window - INFO - Login page created with dark theme
2025-07-07 19:37:22,502 - src.app_controller - INFO - Application controller initialized
2025-07-07 19:37:22,630 - src.ui.main_window - INFO - Login page created with dark theme
2025-07-07 19:37:29,996 - src.app_controller - INFO - Shutting down application...
2025-07-07 19:37:29,997 - src.system_monitor - INFO - System monitoring stopped
2025-07-07 19:37:29,997 - src.screenshot_manager - INFO - Screenshot capture stopped
2025-07-07 19:37:29,997 - src.app_controller - INFO - Background sync stopped
2025-07-07 19:37:29,997 - src.app_controller - INFO - Background sync stopped
2025-07-07 19:37:29,997 - src.app_controller - INFO - User logged out successfully
2025-07-07 19:37:29,997 - src.system_monitor - INFO - Monitoring session reset
2025-07-07 19:37:29,997 - src.app_controller - INFO - Data cleanup completed
2025-07-07 19:37:29,997 - src.app_controller - INFO - Application shutdown completed
2025-07-07 19:37:33,410 - src.app_controller - INFO - Application controller initialized
2025-07-07 19:37:33,533 - src.ui.main_window - INFO - Login page created with dark theme
2025-07-07 19:37:40,019 - src.ui.main_window - INFO - Login button clicked!
2025-07-07 19:37:40,020 - src.ui.main_window - INFO - Username: 'vikas3008', Password length: 14
2025-07-07 19:37:40,028 - src.ui.main_window - INFO - Starting login thread...
2025-07-07 19:37:40,029 - src.ui.main_window - INFO - Login thread started for user: vikas3008
2025-07-07 19:37:40,043 - src.app_controller - INFO - Authenticating user: vikas3008
2025-07-07 19:37:40,043 - src.api_client - INFO - Sending authentication request to: http://localhost:8000/api/v1/auth/login
2025-07-07 19:37:40,043 - src.api_client - INFO - Request data: {'username': 'vikas3008', 'password': '[REDACTED]'}
2025-07-07 19:37:40,043 - src.api_client - INFO - Password length: 14
2025-07-07 19:37:40,238 - src.api_client - INFO - Authentication successful - token received
2025-07-07 19:37:40,238 - src.app_controller - INFO - Authentication successful, getting employee data
2025-07-07 19:37:40,259 - src.auth - INFO - Credentials stored for user: vikas3008
2025-07-07 19:37:40,261 - src.auth - INFO - User logged in: vikas3008
2025-07-07 19:37:40,261 - src.app_controller - INFO - Background sync started
2025-07-07 19:37:40,261 - src.app_controller - INFO - User logged in successfully: vikas3008
2025-07-07 19:37:40,261 - src.ui.main_window - INFO - Login result: True
2025-07-07 19:37:40,261 - src.ui.main_window - INFO - Login result handler called: success=True, error=None
2025-07-07 19:37:40,261 - src.ui.main_window - INFO - Login successful, showing main page in 1 second
2025-07-07 19:39:20,196 - src.app_controller - INFO - Application controller initialized
2025-07-07 19:39:20,327 - src.ui.main_window - INFO - Login page created with dark theme
2025-07-07 19:39:31,576 - src.ui.main_window - INFO - Login button clicked!
2025-07-07 19:39:31,576 - src.ui.main_window - INFO - Username: 'vikas3008', Password length: 14
2025-07-07 19:39:31,583 - src.ui.main_window - INFO - Starting login thread...
2025-07-07 19:39:31,583 - src.ui.main_window - INFO - Login thread started for user: vikas3008
2025-07-07 19:39:31,591 - src.app_controller - INFO - Authenticating user: vikas3008
2025-07-07 19:39:31,591 - src.api_client - INFO - Sending authentication request to: http://localhost:8000/api/v1/auth/login
2025-07-07 19:39:31,591 - src.api_client - INFO - Request data: {'username': 'vikas3008', 'password': '[REDACTED]'}
2025-07-07 19:39:31,591 - src.api_client - INFO - Password length: 14
2025-07-07 19:39:31,779 - src.api_client - INFO - Authentication successful - token received
2025-07-07 19:39:31,779 - src.app_controller - INFO - Authentication successful, getting employee data
2025-07-07 19:39:31,801 - src.auth - INFO - Credentials stored for user: vikas3008
2025-07-07 19:39:31,803 - src.auth - INFO - User logged in: vikas3008
2025-07-07 19:39:31,803 - src.app_controller - INFO - Background sync started
2025-07-07 19:39:31,803 - src.app_controller - INFO - User logged in successfully: vikas3008
2025-07-07 19:39:31,803 - src.ui.main_window - INFO - Login result: True
2025-07-07 19:39:31,803 - src.ui.main_window - INFO - Login result handler called: success=True, error=None
2025-07-07 19:39:31,803 - src.ui.main_window - INFO - Login successful, showing main page in 1 second
2025-07-07 19:39:49,794 - src.app_controller - INFO - Background sync stopped
2025-07-07 19:39:49,794 - src.auth - INFO - User logged out: vikas3008
2025-07-07 19:39:49,794 - src.app_controller - INFO - User logged out successfully
2025-07-07 19:39:49,808 - src.ui.main_window - INFO - Login page created with dark theme
2025-07-07 19:45:05,299 - src.app_controller - INFO - Application controller initialized
2025-07-07 19:45:05,440 - src.ui.main_window - INFO - Login page created with dark theme
2025-07-07 20:10:32,287 - src.app_controller - INFO - Shutting down application...
2025-07-07 20:10:32,290 - src.system_monitor - INFO - System monitoring stopped
2025-07-07 20:10:32,290 - src.screenshot_manager - INFO - Screenshot capture stopped
2025-07-07 20:10:32,290 - src.app_controller - INFO - Background sync stopped
2025-07-07 20:10:32,290 - src.app_controller - INFO - Background sync stopped
2025-07-07 20:10:32,290 - src.app_controller - INFO - User logged out successfully
2025-07-07 20:10:32,291 - src.system_monitor - INFO - Monitoring session reset
2025-07-07 20:10:32,291 - src.app_controller - INFO - Data cleanup completed
2025-07-07 20:10:32,291 - src.app_controller - INFO - Application shutdown completed
2025-07-07 20:26:15,049 - src.app_controller - INFO - Application controller initialized
2025-07-07 20:26:15,191 - src.ui.main_window - INFO - Login page created with dark theme
2025-07-07 20:26:22,384 - src.ui.main_window - INFO - Login button clicked!
2025-07-07 20:26:22,385 - src.ui.main_window - INFO - Username: 'vikas3008', Password length: 14
2025-07-07 20:26:22,393 - src.ui.main_window - INFO - Starting login thread...
2025-07-07 20:26:22,394 - src.ui.main_window - INFO - Login thread started for user: vikas3008
2025-07-07 20:26:22,402 - urllib3.connectionpool - WARNING - Retrying (Retry(total=2, connect=None, read=None, redirect=None, status=None)) after connection broken by 'NewConnectionError('<urllib3.connection.HTTPConnection object at 0x11cc492a0>: Failed to establish a new connection: [Errno 61] Connection refused')': /health
2025-07-07 20:26:24,403 - urllib3.connectionpool - WARNING - Retrying (Retry(total=1, connect=None, read=None, redirect=None, status=None)) after connection broken by 'NewConnectionError('<urllib3.connection.HTTPConnection object at 0x11cc49360>: Failed to establish a new connection: [Errno 61] Connection refused')': /health
2025-07-07 20:26:28,405 - urllib3.connectionpool - WARNING - Retrying (Retry(total=0, connect=None, read=None, redirect=None, status=None)) after connection broken by 'NewConnectionError('<urllib3.connection.HTTPConnection object at 0x11cc49510>: Failed to establish a new connection: [Errno 61] Connection refused')': /health
2025-07-07 20:26:28,406 - src.app_controller - WARNING - API connection failed
2025-07-07 20:26:28,407 - src.app_controller - INFO - Attempting offline login
2025-07-07 20:26:28,425 - src.auth - INFO - Credentials stored for user: vikas3008
2025-07-07 20:26:28,427 - src.auth - INFO - User logged in: vikas3008
2025-07-07 20:26:28,427 - src.ui.main_window - INFO - Login result: True
2025-07-07 20:26:28,584 - src.ui.main_window - INFO - Login result handler called: success=True, error=None
2025-07-07 20:26:28,584 - src.ui.main_window - INFO - Login successful, showing main page in 1 second
2025-07-07 20:26:29,592 - src.app_controller - WARNING - No API authentication token available
2025-07-07 20:26:33,829 - src.app_controller - INFO - Background sync stopped
2025-07-07 20:26:33,829 - src.auth - INFO - User logged out: vikas3008
2025-07-07 20:26:33,829 - src.app_controller - INFO - User logged out successfully
2025-07-07 20:26:33,846 - src.ui.main_window - INFO - Login page created with dark theme
2025-07-07 20:57:32,298 - src.app_controller - INFO - Application controller initialized
2025-07-07 20:57:32,443 - src.ui.main_window - INFO - Login page created with dark theme
2025-07-07 20:57:49,432 - src.ui.main_window - INFO - Login button clicked!
2025-07-07 20:57:49,432 - src.ui.main_window - INFO - Username: 'dfsadfadsf', Password length: 13
2025-07-07 20:57:49,436 - src.ui.main_window - INFO - Starting login thread...
2025-07-07 20:57:49,436 - src.ui.main_window - INFO - Login thread started for user: dfsadfadsf
2025-07-07 20:57:49,445 - src.app_controller - INFO - Authenticating user: dfsadfadsf
2025-07-07 20:57:49,445 - src.api_client - INFO - Sending authentication request to: http://localhost:8000/api/v1/auth/login
2025-07-07 20:57:49,445 - src.api_client - INFO - Request data: {'username': 'dfsadfadsf', 'password': '[REDACTED]'}
2025-07-07 20:57:49,445 - src.api_client - INFO - Password length: 13
2025-07-07 20:57:49,451 - src.api_client - ERROR - API request failed: 401 Client Error: Unauthorized for url: http://localhost:8000/api/v1/auth/login
2025-07-07 20:57:49,451 - src.api_client - ERROR - Response status: 401
2025-07-07 20:57:49,452 - src.api_client - ERROR - Response headers: {'date': 'Mon, 07 Jul 2025 15:27:48 GMT', 'server': 'uvicorn', 'www-authenticate': 'Bearer', 'content-length': '43', 'content-type': 'application/json'}
2025-07-07 20:57:49,452 - src.api_client - ERROR - Response body: {"detail":"Incorrect username or password"}
2025-07-07 20:57:49,452 - src.api_client - ERROR - Could not parse error response: API Error: Incorrect username or password
2025-07-07 20:57:49,452 - src.app_controller - ERROR - API authentication failed: API request failed: 401 Client Error: Unauthorized for url: http://localhost:8000/api/v1/auth/login
2025-07-07 20:57:49,452 - src.ui.main_window - INFO - Login result: False
2025-07-07 20:57:49,452 - src.ui.main_window - INFO - Login result handler called: success=False, error=Login failed. Please check your credentials and ensure your password is at least 6 characters.
2025-07-07 20:57:49,453 - src.ui.main_window - ERROR - Login failed: Login failed. Please check your credentials and ensure your password is at least 6 characters.
2025-07-07 20:58:03,398 - src.ui.main_window - INFO - Login button clicked!
2025-07-07 20:58:03,398 - src.ui.main_window - INFO - Username: 'shubhamm', Password length: 14
2025-07-07 20:58:03,407 - src.ui.main_window - INFO - Starting login thread...
2025-07-07 20:58:03,408 - src.ui.main_window - INFO - Login thread started for user: shubhamm
2025-07-07 20:58:03,413 - src.app_controller - INFO - Authenticating user: shubhamm
2025-07-07 20:58:03,413 - src.api_client - INFO - Sending authentication request to: http://localhost:8000/api/v1/auth/login
2025-07-07 20:58:03,413 - src.api_client - INFO - Request data: {'username': 'shubhamm', 'password': '[REDACTED]'}
2025-07-07 20:58:03,413 - src.api_client - INFO - Password length: 14
2025-07-07 20:58:03,621 - src.api_client - INFO - Authentication successful - token received
2025-07-07 20:58:03,621 - src.app_controller - INFO - Authentication successful, getting employee data
2025-07-07 20:58:03,637 - src.auth - INFO - Credentials stored for user: shubhamm
2025-07-07 20:58:03,649 - src.auth - INFO - User logged in: shubhamm
2025-07-07 20:58:03,649 - src.app_controller - INFO - Background sync started
2025-07-07 20:58:03,649 - src.app_controller - INFO - User logged in successfully: shubhamm
2025-07-07 20:58:03,649 - src.ui.main_window - INFO - Login result: True
2025-07-07 20:58:03,804 - src.ui.main_window - INFO - Login result handler called: success=True, error=None
2025-07-07 20:58:03,805 - src.ui.main_window - INFO - Login successful, showing main page in 1 second
2025-07-07 20:58:34,853 - src.app_controller - INFO - Start tracking API response: {'employee_id': '4c2f5c52-f4e8-4d7e-8dd9-f0ea4a2ef4a2', 'project_id': '563ef3d3-81cc-4d6a-8428-ede02faa16e9', 'description': None, 'id': '5dbc2411-a539-48b3-8659-eb9436e1da4a', 'start_time': '2025-07-07T15:28:34.846684', 'end_time': None, 'duration_seconds': None, 'duration_minutes': None, 'duration_hours': None, 'app_usage_data': None, 'is_active': True, 'created_at': '2025-07-07T15:28:34', 'updated_at': None}
2025-07-07 20:58:34,853 - src.system_monitor - INFO - Monitoring session reset
2025-07-07 20:58:34,854 - src.system_monitor - INFO - System monitoring started
2025-07-07 20:58:34,855 - src.screenshot_manager - INFO - Screenshot capture started for time entry 5dbc2411-a539-48b3-8659-eb9436e1da4a
2025-07-07 20:58:34,855 - src.app_controller - INFO - Time tracking started for project 563ef3d3-81cc-4d6a-8428-ede02faa16e9
2025-07-07 20:58:35,483 - src.screenshot_manager - INFO - Screenshot uploaded successfully: screenshots/screenshot_20250707_205834_f6953d66.jpg
2025-07-07 20:59:10,236 - src.app_controller - INFO - Application controller initialized
2025-07-07 20:59:10,380 - src.ui.main_window - INFO - Login page created with dark theme
2025-07-07 20:59:24,958 - src.ui.main_window - INFO - Login button clicked!
2025-07-07 20:59:24,959 - src.ui.main_window - INFO - Username: 'shubhamm', Password length: 14
2025-07-07 20:59:24,967 - src.ui.main_window - INFO - Starting login thread...
2025-07-07 20:59:24,968 - src.ui.main_window - INFO - Login thread started for user: shubhamm
2025-07-07 20:59:24,979 - urllib3.connectionpool - WARNING - Retrying (Retry(total=2, connect=None, read=None, redirect=None, status=None)) after connection broken by 'NewConnectionError('<urllib3.connection.HTTPConnection object at 0x115b65300>: Failed to establish a new connection: [Errno 61] Connection refused')': /health
2025-07-07 20:59:26,986 - urllib3.connectionpool - WARNING - Retrying (Retry(total=1, connect=None, read=None, redirect=None, status=None)) after connection broken by 'NewConnectionError('<urllib3.connection.HTTPConnection object at 0x115b653c0>: Failed to establish a new connection: [Errno 61] Connection refused')': /health
2025-07-07 20:59:30,991 - urllib3.connectionpool - WARNING - Retrying (Retry(total=0, connect=None, read=None, redirect=None, status=None)) after connection broken by 'NewConnectionError('<urllib3.connection.HTTPConnection object at 0x115b65570>: Failed to establish a new connection: [Errno 61] Connection refused')': /health
2025-07-07 20:59:30,992 - src.app_controller - WARNING - API connection failed
2025-07-07 20:59:30,992 - src.app_controller - INFO - Attempting offline login
2025-07-07 20:59:31,006 - src.auth - INFO - Credentials stored for user: shubhamm
2025-07-07 20:59:31,008 - src.auth - INFO - User logged in: shubhamm
2025-07-07 20:59:31,008 - src.ui.main_window - INFO - Login result: True
2025-07-07 20:59:31,102 - src.ui.main_window - INFO - Login result handler called: success=True, error=None
2025-07-07 20:59:31,102 - src.ui.main_window - INFO - Login successful, showing main page in 1 second
2025-07-07 20:59:32,107 - src.app_controller - WARNING - No API authentication token available
2025-07-07 20:59:37,322 - src.app_controller - INFO - Shutting down application...
2025-07-07 20:59:37,323 - src.system_monitor - INFO - System monitoring stopped
2025-07-07 20:59:37,323 - src.screenshot_manager - INFO - Screenshot capture stopped
2025-07-07 20:59:37,323 - src.app_controller - INFO - Background sync stopped
2025-07-07 20:59:37,323 - src.app_controller - INFO - Background sync stopped
2025-07-07 20:59:37,323 - src.auth - INFO - User logged out: shubhamm
2025-07-07 20:59:37,323 - src.app_controller - INFO - User logged out successfully
2025-07-07 20:59:37,323 - src.system_monitor - INFO - Monitoring session reset
2025-07-07 20:59:37,323 - src.app_controller - INFO - Data cleanup completed
2025-07-07 20:59:37,324 - src.app_controller - INFO - Application shutdown completed
2025-07-07 21:00:05,155 - src.app_controller - INFO - Application controller initialized
2025-07-07 21:00:05,279 - src.ui.main_window - INFO - Login page created with dark theme
2025-07-07 21:00:16,877 - src.ui.main_window - INFO - Login button clicked!
2025-07-07 21:00:16,878 - src.ui.main_window - INFO - Username: 'shubhamm', Password length: 14
2025-07-07 21:00:16,885 - src.ui.main_window - INFO - Starting login thread...
2025-07-07 21:00:16,886 - src.ui.main_window - INFO - Login thread started for user: shubhamm
2025-07-07 21:00:16,897 - src.app_controller - INFO - Authenticating user: shubhamm
2025-07-07 21:00:16,897 - src.api_client - INFO - Sending authentication request to: http://localhost:8000/api/v1/auth/login
2025-07-07 21:00:16,897 - src.api_client - INFO - Request data: {'username': 'shubhamm', 'password': '[REDACTED]'}
2025-07-07 21:00:16,897 - src.api_client - INFO - Password length: 14
2025-07-07 21:00:17,116 - src.api_client - INFO - Authentication successful - token received
2025-07-07 21:00:17,116 - src.app_controller - INFO - Authentication successful, getting employee data
2025-07-07 21:00:17,140 - src.auth - INFO - Credentials stored for user: shubhamm
2025-07-07 21:00:17,141 - src.auth - INFO - User logged in: shubhamm
2025-07-07 21:00:17,141 - src.app_controller - INFO - Background sync started
2025-07-07 21:00:17,141 - src.app_controller - INFO - User logged in successfully: shubhamm
2025-07-07 21:00:17,141 - src.ui.main_window - INFO - Login result: True
2025-07-07 21:00:17,306 - src.ui.main_window - INFO - Login result handler called: success=True, error=None
2025-07-07 21:00:17,307 - src.ui.main_window - INFO - Login successful, showing main page in 1 second
2025-07-07 21:00:34,059 - src.api_client - ERROR - API request failed: 400 Client Error: Bad Request for url: http://localhost:8000/api/v1/time-tracking/start?employee_id=4c2f5c52-f4e8-4d7e-8dd9-f0ea4a2ef4a2
2025-07-07 21:00:34,059 - src.api_client - ERROR - Response status: 400
2025-07-07 21:00:34,059 - src.api_client - ERROR - Response headers: {'date': 'Mon, 07 Jul 2025 15:30:33 GMT', 'server': 'uvicorn', 'content-length': '54', 'content-type': 'application/json'}
2025-07-07 21:00:34,059 - src.api_client - ERROR - Response body: {"detail":"Employee already has an active time entry"}
2025-07-07 21:00:34,059 - src.api_client - ERROR - Could not parse error response: API Error: Employee already has an active time entry
2025-07-07 21:00:34,059 - src.app_controller - ERROR - Error starting tracking: API request failed: 400 Client Error: Bad Request for url: http://localhost:8000/api/v1/time-tracking/start?employee_id=4c2f5c52-f4e8-4d7e-8dd9-f0ea4a2ef4a2
2025-07-07 21:00:44,431 - src.api_client - ERROR - API request failed: 400 Client Error: Bad Request for url: http://localhost:8000/api/v1/time-tracking/start?employee_id=4c2f5c52-f4e8-4d7e-8dd9-f0ea4a2ef4a2
2025-07-07 21:00:44,431 - src.api_client - ERROR - Response status: 400
2025-07-07 21:00:44,431 - src.api_client - ERROR - Response headers: {'date': 'Mon, 07 Jul 2025 15:30:44 GMT', 'server': 'uvicorn', 'content-length': '54', 'content-type': 'application/json'}
2025-07-07 21:00:44,431 - src.api_client - ERROR - Response body: {"detail":"Employee already has an active time entry"}
2025-07-07 21:00:44,431 - src.api_client - ERROR - Could not parse error response: API Error: Employee already has an active time entry
2025-07-07 21:00:44,431 - src.app_controller - ERROR - Error starting tracking: API request failed: 400 Client Error: Bad Request for url: http://localhost:8000/api/v1/time-tracking/start?employee_id=4c2f5c52-f4e8-4d7e-8dd9-f0ea4a2ef4a2
2025-07-07 21:01:05,398 - src.app_controller - INFO - Shutting down application...
2025-07-07 21:01:05,399 - src.system_monitor - INFO - System monitoring stopped
2025-07-07 21:01:05,399 - src.screenshot_manager - INFO - Screenshot capture stopped
2025-07-07 21:01:10,400 - src.app_controller - INFO - Background sync stopped
2025-07-07 21:01:15,402 - src.app_controller - INFO - Background sync stopped
2025-07-07 21:01:15,402 - src.auth - INFO - User logged out: shubhamm
2025-07-07 21:01:15,402 - src.app_controller - INFO - User logged out successfully
2025-07-07 21:01:15,403 - src.system_monitor - INFO - Monitoring session reset
2025-07-07 21:01:15,403 - src.app_controller - INFO - Data cleanup completed
2025-07-07 21:01:15,403 - src.app_controller - INFO - Application shutdown completed
2025-07-07 21:01:39,276 - src.app_controller - INFO - Application controller initialized
2025-07-07 21:01:39,390 - src.ui.main_window - INFO - Login page created with dark theme
2025-07-07 21:03:26,730 - src.app_controller - INFO - Shutting down application...
2025-07-07 21:03:26,731 - src.system_monitor - INFO - System monitoring stopped
2025-07-07 21:03:26,731 - src.screenshot_manager - INFO - Screenshot capture stopped
2025-07-07 21:03:26,731 - src.app_controller - INFO - Background sync stopped
2025-07-07 21:03:26,731 - src.app_controller - INFO - Background sync stopped
2025-07-07 21:03:26,732 - src.app_controller - INFO - User logged out successfully
2025-07-07 21:03:26,732 - src.system_monitor - INFO - Monitoring session reset
2025-07-07 21:03:26,732 - src.app_controller - INFO - Data cleanup completed
2025-07-07 21:03:26,732 - src.app_controller - INFO - Application shutdown completed
2025-07-07 21:03:29,283 - src.app_controller - INFO - Application controller initialized
2025-07-07 21:03:29,408 - src.ui.main_window - INFO - Login page created with dark theme
2025-07-07 21:03:39,466 - src.ui.main_window - INFO - Login button clicked!
2025-07-07 21:03:39,466 - src.ui.main_window - INFO - Username: 'asdfd', Password length: 8
2025-07-07 21:03:39,470 - src.ui.main_window - INFO - Starting login thread...
2025-07-07 21:03:39,471 - src.ui.main_window - INFO - Login thread started for user: asdfd
2025-07-07 21:03:39,479 - src.app_controller - INFO - Authenticating user: asdfd
2025-07-07 21:03:39,479 - src.api_client - INFO - Sending authentication request to: http://localhost:8000/api/v1/auth/login
2025-07-07 21:03:39,479 - src.api_client - INFO - Request data: {'username': 'asdfd', 'password': '[REDACTED]'}
2025-07-07 21:03:39,479 - src.api_client - INFO - Password length: 8
2025-07-07 21:03:39,483 - src.api_client - ERROR - API request failed: 401 Client Error: Unauthorized for url: http://localhost:8000/api/v1/auth/login
2025-07-07 21:03:39,483 - src.api_client - ERROR - Response status: 401
2025-07-07 21:03:39,483 - src.api_client - ERROR - Response headers: {'date': 'Mon, 07 Jul 2025 15:33:39 GMT', 'server': 'uvicorn', 'www-authenticate': 'Bearer', 'content-length': '43', 'content-type': 'application/json'}
2025-07-07 21:03:39,483 - src.api_client - ERROR - Response body: {"detail":"Incorrect username or password"}
2025-07-07 21:03:39,483 - src.api_client - ERROR - Could not parse error response: API Error: Incorrect username or password
2025-07-07 21:03:39,483 - src.app_controller - ERROR - API authentication failed: API request failed: 401 Client Error: Unauthorized for url: http://localhost:8000/api/v1/auth/login
2025-07-07 21:03:39,484 - src.ui.main_window - INFO - Login result: False
2025-07-07 21:03:39,484 - src.ui.main_window - INFO - Login result handler called: success=False, error=Login failed. Please check your credentials and ensure your password is at least 6 characters.
2025-07-07 21:03:39,484 - src.ui.main_window - ERROR - Login failed: Login failed. Please check your credentials and ensure your password is at least 6 characters.
2025-07-07 21:03:53,419 - src.ui.main_window - INFO - Login button clicked!
2025-07-07 21:03:53,419 - src.ui.main_window - INFO - Username: 'shubhamm', Password length: 14
2025-07-07 21:03:53,438 - src.ui.main_window - INFO - Starting login thread...
2025-07-07 21:03:53,438 - src.ui.main_window - INFO - Login thread started for user: shubhamm
2025-07-07 21:03:53,443 - src.app_controller - INFO - Authenticating user: shubhamm
2025-07-07 21:03:53,445 - src.api_client - INFO - Sending authentication request to: http://localhost:8000/api/v1/auth/login
2025-07-07 21:03:53,445 - src.api_client - INFO - Request data: {'username': 'shubhamm', 'password': '[REDACTED]'}
2025-07-07 21:03:53,445 - src.api_client - INFO - Password length: 14
2025-07-07 21:03:53,649 - src.api_client - INFO - Authentication successful - token received
2025-07-07 21:03:53,649 - src.app_controller - INFO - Authentication successful, getting employee data
2025-07-07 21:03:53,671 - src.auth - INFO - Credentials stored for user: shubhamm
2025-07-07 21:03:53,672 - src.auth - INFO - User logged in: shubhamm
2025-07-07 21:03:53,672 - src.app_controller - INFO - Background sync started
2025-07-07 21:03:53,672 - src.app_controller - INFO - User logged in successfully: shubhamm
2025-07-07 21:03:53,673 - src.ui.main_window - INFO - Login result: True
2025-07-07 21:03:53,826 - src.ui.main_window - INFO - Login result handler called: success=True, error=None
2025-07-07 21:03:53,827 - src.ui.main_window - INFO - Login successful, showing main page in 1 second
2025-07-07 21:04:18,024 - src.app_controller - INFO - Start tracking API response: {'employee_id': '4c2f5c52-f4e8-4d7e-8dd9-f0ea4a2ef4a2', 'project_id': '57ac20f2-6beb-4536-ab99-58e31a50bbb6', 'description': None, 'id': 'dbe99714-bcd4-4e16-a452-e7661ad7d97f', 'start_time': '2025-07-07T15:34:18.017619', 'end_time': None, 'duration_seconds': None, 'duration_minutes': None, 'duration_hours': None, 'app_usage_data': None, 'is_active': True, 'created_at': '2025-07-07T15:34:18', 'updated_at': None}
2025-07-07 21:04:18,024 - src.system_monitor - INFO - Monitoring session reset
2025-07-07 21:04:18,025 - src.system_monitor - INFO - System monitoring started
2025-07-07 21:04:18,025 - src.screenshot_manager - INFO - Screenshot capture started for time entry dbe99714-bcd4-4e16-a452-e7661ad7d97f
2025-07-07 21:04:18,026 - src.app_controller - INFO - Time tracking started for project 57ac20f2-6beb-4536-ab99-58e31a50bbb6
2025-07-07 21:04:18,533 - src.screenshot_manager - INFO - Screenshot uploaded successfully: screenshots/screenshot_20250707_210418_0bb2d516.jpg
2025-07-07 21:04:46,700 - src.system_monitor - INFO - Now visiting: google.com
2025-07-07 21:04:56,995 - src.system_monitor - INFO - Website switch: google.com -> docs.python.org (10.3s)
2025-07-07 21:04:56,996 - src.system_monitor - INFO - Now visiting: docs.python.org
2025-07-07 21:05:07,223 - src.system_monitor - INFO - Website switch: docs.python.org -> claude.ai (10.2s)
2025-07-07 21:05:07,223 - src.system_monitor - INFO - Now visiting: claude.ai
2025-07-07 21:05:17,430 - src.system_monitor - INFO - Website switch: claude.ai -> hotstar.com (10.2s)
2025-07-07 21:05:17,431 - src.system_monitor - INFO - Now visiting: hotstar.com
2025-07-07 21:05:54,361 - src.system_monitor - INFO - Formatted 6 usage entries from 2 apps + 4 websites
2025-07-07 21:05:54,362 - src.system_monitor - INFO - App usage data: {'Python': 36.657589, 'Google Chrome': 20.283911}
2025-07-07 21:05:54,362 - src.system_monitor - INFO - Website usage data: {'google.com': 10.295793, 'docs.python.org': 10.22656, 'claude.ai': 10.207298, 'hotstar.com': 16.646352}
2025-07-07 21:05:54,362 - src.app_controller - INFO - Usage data to send (apps + websites): ['Python: 36.7s', 'Google Chrome: 20.3s', 'hotstar.com: 16.6s', 'google.com: 10.3s', 'docs.python.org: 10.2s', 'claude.ai: 10.2s']
2025-07-07 21:05:57,721 - src.system_monitor - INFO - System monitoring stopped
2025-07-07 21:06:02,722 - src.screenshot_manager - INFO - Screenshot capture stopped
2025-07-07 21:06:02,736 - src.app_controller - INFO - Stop tracking API response: {'employee_id': '4c2f5c52-f4e8-4d7e-8dd9-f0ea4a2ef4a2', 'project_id': '57ac20f2-6beb-4536-ab99-58e31a50bbb6', 'description': None, 'id': 'dbe99714-bcd4-4e16-a452-e7661ad7d97f', 'start_time': '2025-07-07T15:34:18.017619', 'end_time': '2025-07-07T15:36:02.730716', 'duration_seconds': 104, 'duration_minutes': 1.7333333333333334, 'duration_hours': 0.028888888888888888, 'app_usage_data': ['Python: 36.7s', 'Google Chrome: 20.3s', 'hotstar.com: 16.6s', 'google.com: 10.3s', 'docs.python.org: 10.2s', 'claude.ai: 10.2s'], 'is_active': False, 'created_at': '2025-07-07T15:34:18', 'updated_at': '2025-07-07T15:36:02'}
2025-07-07 21:06:03,740 - src.app_controller - INFO - Time tracking stopped successfully
2025-07-07 21:26:46,926 - src.app_controller - INFO - Shutting down application...
2025-07-07 21:26:46,928 - src.system_monitor - INFO - System monitoring stopped
2025-07-07 21:26:46,928 - src.screenshot_manager - INFO - Screenshot capture stopped
2025-07-07 21:26:51,929 - src.app_controller - INFO - Background sync stopped
2025-07-07 21:26:53,768 - src.app_controller - INFO - Background sync stopped
2025-07-07 21:26:53,769 - src.auth - INFO - User logged out: shubhamm
2025-07-07 21:26:53,769 - src.app_controller - INFO - User logged out successfully
2025-07-07 21:26:53,769 - src.system_monitor - INFO - Monitoring session reset
2025-07-07 21:26:53,770 - src.app_controller - INFO - Data cleanup completed
2025-07-07 21:26:53,770 - src.app_controller - INFO - Application shutdown completed
2025-08-16 13:35:55,952 - src.app_controller - INFO - Application controller initialized
2025-08-16 13:35:56,080 - src.ui.main_window - INFO - Login page created with dark theme
2025-08-16 16:58:27,910 - src.app_controller - INFO - Application controller initialized
2025-08-16 16:58:28,039 - src.ui.main_window - INFO - Login page created with dark theme
2025-08-16 17:07:13,873 - src.ui.main_window - INFO - Login button clicked!
2025-08-16 17:07:13,874 - src.ui.main_window - INFO - Username: '', Password length: 0
2025-08-16 17:07:13,874 - src.ui.main_window - WARNING - Username or password is empty
2025-08-16 17:07:14,594 - src.ui.main_window - INFO - Login button clicked!
2025-08-16 17:07:14,595 - src.ui.main_window - INFO - Username: '', Password length: 0
2025-08-16 17:07:14,595 - src.ui.main_window - WARNING - Username or password is empty
2025-08-16 17:08:26,715 - src.ui.main_window - INFO - Login button clicked!
2025-08-16 17:08:26,715 - src.ui.main_window - INFO - Username: 'vikas3008', Password length: 14
2025-08-16 17:08:26,720 - src.ui.main_window - INFO - Starting login thread...
2025-08-16 17:08:26,721 - src.ui.main_window - INFO - Login thread started for user: vikas3008
2025-08-16 17:08:26,730 - urllib3.connectionpool - WARNING - Retrying (Retry(total=2, connect=None, read=None, redirect=None, status=None)) after connection broken by 'NewConnectionError('<urllib3.connection.HTTPConnection object at 0x10f9d1720>: Failed to establish a new connection: [Errno 61] Connection refused')': /health
2025-08-16 17:08:28,737 - urllib3.connectionpool - WARNING - Retrying (Retry(total=1, connect=None, read=None, redirect=None, status=None)) after connection broken by 'NewConnectionError('<urllib3.connection.HTTPConnection object at 0x10f9d1570>: Failed to establish a new connection: [Errno 61] Connection refused')': /health
2025-08-16 17:08:32,741 - urllib3.connectionpool - WARNING - Retrying (Retry(total=0, connect=None, read=None, redirect=None, status=None)) after connection broken by 'NewConnectionError('<urllib3.connection.HTTPConnection object at 0x10f9d1ab0>: Failed to establish a new connection: [Errno 61] Connection refused')': /health
2025-08-16 17:08:32,742 - src.app_controller - WARNING - API connection failed
2025-08-16 17:08:32,742 - src.app_controller - INFO - Attempting offline login
2025-08-16 17:08:32,757 - src.auth - INFO - Credentials stored for user: vikas3008
2025-08-16 17:08:32,759 - src.auth - INFO - User logged in: vikas3008
2025-08-16 17:08:32,759 - src.ui.main_window - INFO - Login result: True
2025-08-16 17:08:32,850 - src.ui.main_window - INFO - Login result handler called: success=True, error=None
2025-08-16 17:08:32,851 - src.ui.main_window - INFO - Login successful, showing main page in 1 second
2025-08-16 17:08:33,858 - src.app_controller - WARNING - No API authentication token available
2025-08-16 17:09:37,921 - src.app_controller - INFO - Background sync stopped
2025-08-16 17:09:37,921 - src.auth - INFO - User logged out: vikas3008
2025-08-16 17:09:37,921 - src.app_controller - INFO - User logged out successfully
2025-08-16 17:09:37,937 - src.ui.main_window - INFO - Login page created with dark theme
2025-08-16 17:09:42,042 - src.ui.main_window - INFO - Login button clicked!
2025-08-16 17:09:42,042 - src.ui.main_window - INFO - Username: 'shubham', Password length: 12
2025-08-16 17:09:42,047 - src.ui.main_window - INFO - Starting login thread...
2025-08-16 17:09:42,047 - src.ui.main_window - INFO - Login thread started for user: shubham
2025-08-16 17:09:42,050 - urllib3.connectionpool - WARNING - Retrying (Retry(total=2, connect=None, read=None, redirect=None, status=None)) after connection broken by 'NewConnectionError('<urllib3.connection.HTTPConnection object at 0x10f9d2f80>: Failed to establish a new connection: [Errno 61] Connection refused')': /health
2025-08-16 17:09:44,053 - urllib3.connectionpool - WARNING - Retrying (Retry(total=1, connect=None, read=None, redirect=None, status=None)) after connection broken by 'NewConnectionError('<urllib3.connection.HTTPConnection object at 0x10f9d3190>: Failed to establish a new connection: [Errno 61] Connection refused')': /health
2025-08-16 17:09:48,060 - urllib3.connectionpool - WARNING - Retrying (Retry(total=0, connect=None, read=None, redirect=None, status=None)) after connection broken by 'NewConnectionError('<urllib3.connection.HTTPConnection object at 0x10f9d0cd0>: Failed to establish a new connection: [Errno 61] Connection refused')': /health
2025-08-16 17:09:48,061 - src.app_controller - WARNING - API connection failed
2025-08-16 17:09:48,062 - src.app_controller - INFO - Attempting offline login
2025-08-16 17:09:48,082 - src.auth - INFO - Credentials stored for user: shubham
2025-08-16 17:09:48,084 - src.auth - INFO - User logged in: shubham
2025-08-16 17:09:48,084 - src.ui.main_window - INFO - Login result: True
2025-08-16 17:09:48,210 - src.ui.main_window - INFO - Login result handler called: success=True, error=None
2025-08-16 17:09:48,211 - src.ui.main_window - INFO - Login successful, showing main page in 1 second
2025-08-16 17:09:49,219 - src.app_controller - WARNING - No API authentication token available
2025-08-16 17:17:32,324 - src.app_controller - INFO - Background sync stopped
2025-08-16 17:17:32,325 - src.auth - INFO - User logged out: shubham
2025-08-16 17:17:32,325 - src.app_controller - INFO - User logged out successfully
2025-08-16 17:17:32,337 - src.ui.main_window - INFO - Login page created with dark theme
2025-08-16 17:18:17,543 - src.app_controller - INFO - Application controller initialized
2025-08-16 17:18:17,683 - src.ui.main_window - INFO - Login page created with dark theme
2025-08-16 20:04:00,137 - src.app_controller - INFO - Shutting down application...
2025-08-16 20:04:00,138 - src.system_monitor - INFO - System monitoring stopped
2025-08-16 20:04:00,138 - src.screenshot_manager - INFO - Screenshot capture stopped
2025-08-16 20:04:00,139 - src.app_controller - INFO - Background sync stopped
2025-08-16 20:04:00,139 - src.app_controller - INFO - Background sync stopped
2025-08-16 20:04:00,139 - src.app_controller - INFO - User logged out successfully
2025-08-16 20:04:00,141 - src.system_monitor - INFO - Monitoring session reset
2025-08-16 20:04:00,141 - src.app_controller - INFO - Data cleanup completed
2025-08-16 20:04:00,141 - src.app_controller - INFO - Application shutdown completed
